dia,bicicletar,minibicicletar,tecnica,viagens curtas,viagens longas
2014-12-16,354,0.0,0.0,22,0.0
2014-12-17,479,0.0,0.0,15,0.0
2014-12-18,488,0.0,0.0,28,0.0
2014-12-19,502,0.0,0.0,21,0.0
2014-12-20,521,0.0,0.0,22,0.0
2014-12-21,935,0.0,0.0,38,0.0
2014-12-22,660,0.0,0.0,24,0.0
2014-12-23,631,0.0,0.0,19,0.0
2014-12-24,339,0.0,0.0,10,2.0
2014-12-25,631,0.0,0.0,25,1.0
2014-12-26,784,0.0,0.0,27,0.0
2014-12-27,751,0.0,0.0,32,0.0
2014-12-28,1050,0.0,0.0,36,0.0
2014-12-29,864,0.0,0.0,42,1.0
2014-12-30,740,0.0,0.0,26,0.0
2014-12-31,404,0.0,0.0,8,2.0
2015-01-01,522,0.0,0.0,25,3.0
2015-01-02,760,0.0,0.0,26,2.0
2015-01-03,609,0.0,0.0,23,0.0
2015-01-04,1133,0.0,0.0,35,0.0
2015-01-05,834,0.0,0.0,31,0.0
2015-01-06,910,0.0,0.0,33,0.0
2015-01-07,813,0.0,0.0,51,0.0
2015-01-08,896,0.0,0.0,75,0.0
2015-01-09,784,0.0,0.0,25,0.0
2015-01-10,848,0.0,0.0,43,0.0
2015-01-11,955,0.0,0.0,36,0.0
2015-01-12,801,0.0,0.0,33,0.0
2015-01-13,929,0.0,0.0,34,0.0
2015-01-14,983,0.0,0.0,22,0.0
2015-01-15,837,0.0,0.0,24,0.0
2015-01-16,779,0.0,0.0,30,1.0
2015-01-17,864,0.0,0.0,30,0.0
2015-01-18,1014,0.0,0.0,73,1.0
2015-01-19,854,0.0,0.0,25,0.0
2015-01-20,972,0.0,0.0,22,0.0
2015-01-21,848,0.0,0.0,29,0.0
2015-01-22,888,0.0,0.0,44,0.0
2015-01-23,784,0.0,0.0,41,0.0
2015-01-24,805,0.0,0.0,17,0.0
2015-01-25,973,0.0,0.0,39,0.0
2015-01-26,858,0.0,0.0,24,0.0
2015-01-27,879,0.0,0.0,28,0.0
2015-01-28,894,0.0,0.0,43,0.0
2015-01-29,755,0.0,0.0,29,1.0
2015-01-30,746,0.0,0.0,41,0.0
2015-01-31,729,0.0,0.0,30,0.0
2015-02-01,973,0.0,0.0,54,1.0
2015-02-02,757,0.0,0.0,42,0.0
2015-02-03,828,0.0,0.0,41,0.0
2015-02-04,749,0.0,0.0,30,0.0
2015-02-05,690,0.0,0.0,48,0.0
2015-02-06,735,0.0,0.0,40,0.0
2015-02-07,659,0.0,0.0,35,0.0
2015-02-08,1005,0.0,0.0,54,0.0
2015-02-09,621,0.0,0.0,25,0.0
2015-02-10,661,0.0,0.0,27,0.0
2015-02-11,619,0.0,0.0,31,0.0
2015-02-12,563,0.0,0.0,16,0.0
2015-02-13,474,0.0,0.0,23,0.0
2015-02-14,576,0.0,0.0,31,0.0
2015-02-15,753,0.0,0.0,29,0.0
2015-02-16,737,0.0,0.0,21,1.0
2015-02-17,592,0.0,0.0,28,0.0
2015-02-18,678,0.0,0.0,25,0.0
2015-02-19,541,0.0,0.0,16,0.0
2015-02-20,574,0.0,0.0,20,1.0
2015-02-21,538,0.0,0.0,22,0.0
2015-02-22,782,0.0,0.0,21,0.0
2015-02-23,496,0.0,0.0,25,0.0
2015-02-24,529,0.0,0.0,34,0.0
2015-02-25,555,0.0,0.0,31,0.0
2015-02-26,678,0.0,0.0,28,0.0
2015-02-27,655,0.0,0.0,39,1.0
2015-02-28,602,0.0,0.0,25,1.0
2015-03-01,1149,0.0,0.0,73,1.0
2015-03-02,603,0.0,0.0,31,0.0
2015-03-03,778,0.0,0.0,52,0.0
2015-03-04,827,0.0,0.0,47,0.0
2015-03-05,817,0.0,0.0,48,0.0
2015-03-06,808,0.0,0.0,50,1.0
2015-03-07,616,0.0,0.0,41,2.0
2015-03-08,979,0.0,0.0,56,2.0
2015-03-09,745,0.0,0.0,44,0.0
2015-03-10,815,0.0,0.0,48,2.0
2015-03-11,974,0.0,0.0,66,0.0
2015-03-12,930,0.0,0.0,42,0.0
2015-03-13,1029,0.0,0.0,52,0.0
2015-03-14,1039,0.0,0.0,58,2.0
2015-03-15,1359,0.0,0.0,75,2.0
2015-03-16,999,0.0,0.0,54,0.0
2015-03-17,1170,0.0,0.0,50,0.0
2015-03-18,1111,0.0,0.0,61,0.0
2015-03-19,1366,0.0,0.0,76,0.0
2015-03-20,1146,0.0,0.0,72,0.0
2015-03-21,890,0.0,0.0,82,1.0
2015-03-22,1741,0.0,0.0,102,0.0
2015-03-23,1185,0.0,0.0,88,0.0
2015-03-24,1305,0.0,0.0,81,0.0
2015-03-25,2005,0.0,0.0,145,2.0
2015-03-26,1418,0.0,0.0,124,2.0
2015-03-27,1493,0.0,0.0,124,0.0
2015-03-28,1593,0.0,0.0,88,0.0
2015-03-29,1865,0.0,0.0,125,0.0
2015-03-30,1319,0.0,0.0,76,0.0
2015-03-31,1390,0.0,0.0,91,0.0
2015-04-01,1536,0.0,0.0,75,1.0
2015-04-02,1425,0.0,0.0,75,0.0
2015-04-03,1500,0.0,0.0,110,0.0
2015-04-04,1520,0.0,0.0,116,0.0
2015-04-05,1829,0.0,0.0,153,0.0
2015-04-06,1598,0.0,0.0,119,0.0
2015-04-07,1778,0.0,0.0,181,4.0
2015-04-08,1776,0.0,0.0,175,0.0
2015-04-09,1447,0.0,0.0,137,1.0
2015-04-10,1553,0.0,0.0,175,1.0
2015-04-11,1722,0.0,0.0,164,0.0
2015-04-12,1967,0.0,0.0,171,0.0
2015-04-13,1223,0.0,0.0,124,1.0
2015-04-14,1228,0.0,0.0,120,0.0
2015-04-15,1596,0.0,0.0,134,1.0
2015-04-16,1782,0.0,0.0,148,2.0
2015-04-17,1829,0.0,0.0,179,0.0
2015-04-18,1802,0.0,0.0,142,0.0
2015-04-19,2189,0.0,0.0,173,0.0
2015-04-20,1782,0.0,0.0,201,0.0
2015-04-21,2304,0.0,0.0,185,0.0
2015-04-22,1758,0.0,0.0,153,0.0
2015-04-23,1519,0.0,0.0,111,2.0
2015-04-24,800,0.0,0.0,49,0.0
2015-04-25,1863,0.0,11.0,172,0.0
2015-04-26,2092,0.0,0.0,129,0.0
2015-04-27,1723,0.0,0.0,90,0.0
2015-04-28,1787,0.0,0.0,151,0.0
2015-04-29,1728,0.0,0.0,184,0.0
2015-04-30,1682,0.0,0.0,200,0.0
2015-05-01,2071,0.0,0.0,205,1.0
2015-05-02,1689,0.0,0.0,138,0.0
2015-05-03,1526,0.0,0.0,138,1.0
2015-05-04,1654,0.0,0.0,232,0.0
2015-05-05,1760,0.0,0.0,173,0.0
2015-05-06,1746,0.0,0.0,201,0.0
2015-05-07,1669,0.0,0.0,232,0.0
2015-05-08,1715,0.0,0.0,233,0.0
2015-05-09,1471,0.0,0.0,139,0.0
2015-05-10,1428,0.0,0.0,143,0.0
2015-05-11,1667,0.0,0.0,198,0.0
2015-05-12,1869,0.0,0.0,238,1.0
2015-05-13,1773,0.0,0.0,180,0.0
2015-05-14,1599,0.0,0.0,194,0.0
2015-05-15,1802,0.0,0.0,181,1.0
2015-05-16,1664,0.0,0.0,185,0.0
2015-05-17,1989,0.0,0.0,263,1.0
2015-05-18,1817,0.0,0.0,254,2.0
2015-05-19,1942,0.0,0.0,295,1.0
2015-05-20,1836,0.0,0.0,190,0.0
2015-05-21,1789,0.0,0.0,230,2.0
2015-05-22,1682,0.0,0.0,183,0.0
2015-05-23,1555,0.0,0.0,188,0.0
2015-05-24,1629,0.0,0.0,164,0.0
2015-05-25,1635,0.0,0.0,199,0.0
2015-05-26,1652,0.0,0.0,213,2.0
2015-05-27,1783,0.0,0.0,255,1.0
2015-05-28,1672,0.0,0.0,213,0.0
2015-05-29,1611,0.0,0.0,188,0.0
2015-05-30,1501,0.0,0.0,163,0.0
2015-05-31,1606,0.0,0.0,184,0.0
2015-06-01,1632,0.0,0.0,258,0.0
2015-06-02,1813,0.0,0.0,190,0.0
2015-06-03,1683,0.0,0.0,165,0.0
2015-06-04,1543,0.0,0.0,196,1.0
2015-06-05,1559,0.0,0.0,211,0.0
2015-06-06,1427,0.0,0.0,125,0.0
2015-06-07,1564,0.0,0.0,166,0.0
2015-06-08,1541,0.0,0.0,141,0.0
2015-06-09,1806,0.0,0.0,234,1.0
2015-06-10,1630,0.0,0.0,246,0.0
2015-06-11,1562,0.0,0.0,200,0.0
2015-06-12,1596,0.0,0.0,204,1.0
2015-06-13,1335,0.0,0.0,124,0.0
2015-06-14,1390,0.0,0.0,151,0.0
2015-06-15,1665,0.0,0.0,230,0.0
2015-06-16,1601,0.0,0.0,224,2.0
2015-06-17,1719,0.0,0.0,205,0.0
2015-06-18,1744,0.0,0.0,216,0.0
2015-06-19,1706,0.0,0.0,283,0.0
2015-06-20,1421,0.0,0.0,189,2.0
2015-06-21,1632,0.0,0.0,207,0.0
2015-06-22,1579,0.0,0.0,180,0.0
2015-06-23,1891,0.0,0.0,220,1.0
2015-06-24,1832,0.0,0.0,251,0.0
2015-06-25,1412,0.0,0.0,161,0.0
2015-06-26,1688,0.0,0.0,172,1.0
2015-06-27,1331,0.0,0.0,145,0.0
2015-06-28,1506,0.0,0.0,143,2.0
2015-06-29,1720,0.0,0.0,206,0.0
2015-06-30,1666,0.0,0.0,211,16.0
2015-07-01,1755,0.0,0.0,246,3.0
2015-07-02,1688,0.0,0.0,263,4.0
2015-07-03,1444,0.0,0.0,190,2.0
2015-07-04,1185,0.0,0.0,182,1.0
2015-07-05,755,0.0,0.0,116,1.0
2015-07-06,1552,0.0,0.0,284,0.0
2015-07-07,1873,0.0,0.0,303,1.0
2015-07-08,1674,0.0,0.0,270,0.0
2015-07-09,1682,0.0,0.0,275,0.0
2015-07-10,1483,0.0,0.0,196,0.0
2015-07-11,1320,0.0,0.0,141,0.0
2015-07-12,1503,0.0,0.0,165,1.0
2015-07-13,1609,0.0,0.0,132,0.0
2015-07-14,1885,0.0,0.0,180,1.0
2015-07-15,1810,0.0,0.0,226,0.0
2015-07-16,1611,0.0,0.0,181,1.0
2015-07-17,1269,0.0,0.0,155,1.0
2015-07-18,1299,0.0,0.0,174,1.0
2015-07-19,1494,0.0,0.0,119,0.0
2015-07-20,1550,0.0,0.0,175,2.0
2015-07-21,1631,0.0,0.0,176,0.0
2015-07-22,1598,0.0,0.0,169,1.0
2015-07-23,1511,0.0,0.0,176,0.0
2015-07-24,1520,0.0,0.0,198,0.0
2015-07-25,1284,0.0,0.0,168,0.0
2015-07-26,1354,0.0,0.0,158,0.0
2015-07-27,1532,0.0,0.0,164,0.0
2015-07-28,1555,0.0,0.0,162,0.0
2015-07-29,1671,0.0,0.0,193,0.0
2015-07-30,1662,0.0,0.0,146,0.0
2015-07-31,1542,0.0,0.0,172,0.0
2015-08-01,1268,0.0,0.0,147,0.0
2015-08-02,1247,0.0,0.0,167,0.0
2015-08-03,1470,0.0,0.0,152,0.0
2015-08-04,1590,0.0,0.0,177,0.0
2015-08-05,1693,0.0,0.0,202,0.0
2015-08-06,1597,0.0,0.0,201,0.0
2015-08-07,1515,0.0,0.0,196,0.0
2015-08-08,1169,0.0,0.0,154,0.0
2015-08-09,1255,0.0,0.0,139,1.0
2015-08-10,1632,0.0,0.0,157,0.0
2015-08-11,1586,0.0,0.0,153,1.0
2015-08-12,1580,0.0,0.0,170,0.0
2015-08-13,1587,0.0,0.0,156,0.0
2015-08-14,1577,0.0,0.0,148,0.0
2015-08-15,1220,0.0,0.0,155,1.0
2015-08-16,1457,0.0,0.0,132,0.0
2015-08-17,1304,0.0,0.0,157,0.0
2015-08-18,1724,0.0,0.0,180,0.0
2015-08-19,1687,0.0,0.0,176,2.0
2015-08-20,1675,0.0,0.0,191,0.0
2015-08-21,1681,0.0,0.0,208,0.0
2015-08-22,1164,0.0,0.0,108,0.0
2015-08-23,1399,0.0,0.0,148,0.0
2015-08-24,1561,0.0,0.0,194,0.0
2015-08-25,1749,0.0,0.0,176,0.0
2015-08-26,1725,0.0,0.0,189,0.0
2015-08-27,1704,0.0,0.0,248,0.0
2015-08-28,1547,0.0,0.0,185,0.0
2015-08-29,1203,0.0,0.0,163,0.0
2015-08-30,1463,0.0,0.0,199,0.0
2015-08-31,408,0.0,0.0,97,38.0
2015-09-01,792,0.0,0.0,127,0.0
2015-09-02,1432,0.0,0.0,158,1.0
2015-09-03,1560,0.0,0.0,158,1.0
2015-09-04,1447,0.0,0.0,170,0.0
2015-09-05,1133,0.0,0.0,131,1.0
2015-09-06,1365,0.0,0.0,161,0.0
2015-09-07,1207,0.0,0.0,107,1.0
2015-09-08,1547,0.0,0.0,239,0.0
2015-09-09,1452,0.0,0.0,225,1.0
2015-09-10,1636,0.0,0.0,203,0.0
2015-09-11,1450,0.0,0.0,202,1.0
2015-09-12,1260,0.0,0.0,120,1.0
2015-09-13,1478,0.0,0.0,184,0.0
2015-09-14,1583,0.0,0.0,169,0.0
2015-09-15,1724,0.0,0.0,236,1.0
2015-09-16,1625,0.0,0.0,179,0.0
2015-09-17,1580,0.0,0.0,201,0.0
2015-09-18,1514,0.0,0.0,159,0.0
2015-09-19,1170,0.0,0.0,124,2.0
2015-09-20,1544,0.0,0.0,206,1.0
2015-09-21,1471,0.0,0.0,178,1.0
2015-09-22,1761,0.0,0.0,175,0.0
2015-09-23,1601,0.0,0.0,207,1.0
2015-09-24,1628,0.0,0.0,249,0.0
2015-09-25,1432,0.0,0.0,224,0.0
2015-09-26,1238,0.0,0.0,154,0.0
2015-09-27,1518,0.0,0.0,174,0.0
2015-09-28,1475,0.0,0.0,137,2.0
2015-09-29,1583,0.0,0.0,167,1.0
2015-09-30,1645,0.0,0.0,216,0.0
2015-10-01,1715,0.0,0.0,200,1.0
2015-10-02,1583,0.0,0.0,169,1.0
2015-10-03,1242,0.0,0.0,112,2.0
2015-10-04,1391,0.0,0.0,145,0.0
2015-10-05,1538,0.0,0.0,157,1.0
2015-10-06,1611,0.0,0.0,176,1.0
2015-10-07,1657,0.0,0.0,170,0.0
2015-10-08,1598,0.0,0.0,166,1.0
2015-10-09,1421,0.0,0.0,188,1.0
2015-10-10,1098,0.0,0.0,104,1.0
2015-10-11,1319,0.0,0.0,139,1.0
2015-10-12,1337,0.0,0.0,154,1.0
2015-10-13,1594,0.0,0.0,194,1.0
2015-10-14,1640,0.0,0.0,183,0.0
2015-10-15,1520,0.0,0.0,164,0.0
2015-10-16,1575,0.0,0.0,179,1.0
2015-10-17,1072,0.0,0.0,117,0.0
2015-10-18,1325,0.0,0.0,159,1.0
2015-10-19,1425,0.0,0.0,140,0.0
2015-10-20,1615,0.0,0.0,193,0.0
2015-10-21,1587,0.0,0.0,168,0.0
2015-10-22,1542,0.0,0.0,238,2.0
2015-10-23,1544,0.0,0.0,239,2.0
2015-10-24,1118,0.0,0.0,182,0.0
2015-10-25,1358,0.0,0.0,212,0.0
2015-10-26,1524,0.0,0.0,270,0.0
2015-10-27,1629,0.0,0.0,304,2.0
2015-10-28,1654,0.0,0.0,306,2.0
2015-10-29,1593,0.0,0.0,295,4.0
2015-10-30,1586,0.0,0.0,232,2.0
2015-10-31,1332,0.0,0.0,191,1.0
2015-11-01,1278,0.0,0.0,205,1.0
2015-11-02,1608,0.0,0.0,192,2.0
2015-11-03,1739,0.0,0.0,288,1.0
2015-11-04,1888,0.0,0.0,321,1.0
2015-11-05,2019,0.0,0.0,360,1.0
2015-11-06,1837,0.0,0.0,388,1.0
2015-11-07,1658,0.0,0.0,244,0.0
2015-11-08,1585,0.0,0.0,213,1.0
2015-11-09,1965,0.0,0.0,285,1.0
2015-11-10,2165,0.0,0.0,321,2.0
2015-11-11,1967,0.0,0.0,318,1.0
2015-11-12,2319,0.0,0.0,347,1.0
2015-11-13,2306,0.0,0.0,371,1.0
2015-11-14,1826,0.0,0.0,305,1.0
2015-11-15,1832,0.0,0.0,290,0.0
2015-11-16,2275,0.0,0.0,388,0.0
2015-11-17,2394,0.0,0.0,426,1.0
2015-11-18,2384,0.0,0.0,486,0.0
2015-11-19,2398,0.0,0.0,476,2.0
2015-11-20,2341,0.0,0.0,443,0.0
2015-11-21,1896,0.0,0.0,334,2.0
2015-11-22,1849,0.0,0.0,327,0.0
2015-11-23,2383,0.0,0.0,382,2.0
2015-11-24,2558,0.0,0.0,378,0.0
2015-11-25,2502,0.0,0.0,331,2.0
2015-11-26,2490,0.0,0.0,394,0.0
2015-11-27,2262,0.0,0.0,286,1.0
2015-11-28,1537,0.0,0.0,232,0.0
2015-11-29,1742,0.0,0.0,237,1.0
2015-11-30,2299,0.0,0.0,329,0.0
2015-12-01,2462,0.0,0.0,398,0.0
2015-12-02,2347,0.0,0.0,400,0.0
2015-12-03,2347,0.0,0.0,408,0.0
2015-12-04,2174,0.0,0.0,388,1.0
2015-12-05,1668,0.0,0.0,246,0.0
2015-12-06,1548,0.0,0.0,272,0.0
2015-12-07,2210,0.0,0.0,389,0.0
2015-12-08,2353,0.0,0.0,460,0.0
2015-12-09,2302,0.0,0.0,389,0.0
2015-12-10,2120,0.0,0.0,272,0.0
2015-12-11,2035,0.0,0.0,324,0.0
2015-12-12,1587,0.0,0.0,257,1.0
2015-12-13,1386,0.0,0.0,286,0.0
2015-12-14,1976,0.0,0.0,465,0.0
2015-12-15,2108,0.0,0.0,392,0.0
2015-12-16,2045,0.0,0.0,274,0.0
2015-12-17,2006,0.0,0.0,214,0.0
2015-12-18,1828,0.0,0.0,238,0.0
2015-12-19,1331,0.0,0.0,165,0.0
2015-12-20,1382,0.0,0.0,160,0.0
2015-12-21,1846,0.0,0.0,205,0.0
2015-12-22,1805,0.0,0.0,168,0.0
2015-12-23,1746,0.0,0.0,200,1.0
2015-12-24,888,0.0,0.0,104,0.0
2015-12-25,1025,0.0,0.0,121,0.0
2015-12-26,1310,0.0,0.0,146,1.0
2015-12-27,1448,0.0,0.0,172,0.0
2015-12-28,1637,0.0,0.0,192,0.0
2015-12-29,1857,0.0,0.0,189,1.0
2015-12-30,1729,0.0,0.0,156,0.0
2015-12-31,938,0.0,0.0,76,3.0
2016-01-01,893,0.0,0.0,98,2.0
2016-01-02,1324,0.0,0.0,182,1.0
2016-01-03,1428,0.0,0.0,167,0.0
2016-01-04,1811,0.0,0.0,266,1.0
2016-01-05,2092,0.0,1.0,251,0.0
2016-01-06,2046,0.0,2.0,277,0.0
2016-01-07,1657,0.0,0.0,179,1.0
2016-01-08,1297,0.0,0.0,146,0.0
2016-01-09,1271,0.0,0.0,151,2.0
2016-01-10,1336,0.0,1.0,157,0.0
2016-01-11,1987,0.0,0.0,271,2.0
2016-01-12,2018,0.0,0.0,277,1.0
2016-01-13,1888,0.0,0.0,254,1.0
2016-01-14,1865,0.0,0.0,316,8.0
2016-01-15,1661,0.0,0.0,276,3.0
2016-01-16,1292,0.0,0.0,190,1.0
2016-01-17,1450,0.0,0.0,212,1.0
2016-01-18,1888,0.0,0.0,273,3.0
2016-01-19,1659,0.0,0.0,279,7.0
2016-01-20,1491,0.0,0.0,198,5.0
2016-01-21,789,0.0,2.0,178,5.0
2016-01-22,1567,0.0,2.0,253,1.0
2016-01-23,1052,0.0,0.0,166,3.0
2016-01-24,920,0.0,0.0,112,2.0
2016-01-25,1225,0.0,0.0,136,8.0
2016-01-26,1589,0.0,0.0,227,5.0
2016-01-27,1752,0.0,0.0,246,1.0
2016-01-28,1683,0.0,0.0,207,3.0
2016-01-29,1761,0.0,0.0,153,2.0
2016-01-30,1315,0.0,0.0,102,0.0
2016-01-31,1093,0.0,0.0,82,1.0
2016-02-01,1070,0.0,0.0,90,2.0
2016-02-02,1644,0.0,0.0,208,3.0
2016-02-03,1709,0.0,0.0,132,1.0
2016-02-04,1547,0.0,0.0,170,0.0
2016-02-05,1474,0.0,0.0,154,2.0
2016-02-06,982,0.0,0.0,76,0.0
2016-02-07,831,0.0,0.0,85,2.0
2016-02-08,867,0.0,0.0,76,0.0
2016-02-09,1046,0.0,0.0,71,2.0
2016-02-10,921,0.0,0.0,59,3.0
2016-02-11,1550,0.0,0.0,150,0.0
2016-02-12,1607,0.0,0.0,106,0.0
2016-02-13,1290,0.0,0.0,93,0.0
2016-02-14,1242,0.0,0.0,83,2.0
2016-02-15,1618,0.0,0.0,101,6.0
2016-02-16,1736,0.0,0.0,104,0.0
2016-02-17,1723,0.0,0.0,91,4.0
2016-02-18,1556,0.0,0.0,102,0.0
2016-02-19,1609,0.0,0.0,130,0.0
2016-02-20,858,0.0,0.0,61,1.0
2016-02-21,1190,0.0,0.0,116,2.0
2016-02-22,1535,0.0,0.0,174,5.0
2016-02-23,1453,0.0,0.0,104,0.0
2016-02-24,1660,0.0,0.0,178,0.0
2016-02-25,1770,0.0,0.0,198,1.0
2016-02-26,1657,0.0,0.0,139,1.0
2016-02-27,1186,0.0,0.0,66,1.0
2016-02-28,1065,0.0,0.0,96,1.0
2016-02-29,1772,0.0,0.0,111,2.0
2016-03-01,1775,0.0,0.0,107,0.0
2016-03-02,1760,0.0,0.0,97,0.0
2016-03-03,1659,0.0,0.0,114,0.0
2016-03-04,1589,0.0,0.0,143,0.0
2016-03-05,1250,0.0,0.0,78,0.0
2016-03-06,1218,0.0,0.0,103,0.0
2016-03-07,1628,0.0,0.0,136,0.0
2016-03-08,1654,0.0,0.0,158,3.0
2016-03-09,1748,0.0,0.0,186,0.0
2016-03-10,1605,0.0,0.0,208,0.0
2016-03-11,1591,0.0,0.0,148,1.0
2016-03-12,1197,0.0,0.0,107,1.0
2016-03-13,1076,0.0,0.0,150,2.0
2016-03-14,1476,0.0,6.0,155,3.0
2016-03-15,1708,0.0,0.0,121,1.0
2016-03-16,1751,0.0,0.0,139,0.0
2016-03-17,1119,0.0,0.0,100,0.0
2016-03-18,1684,0.0,0.0,174,0.0
2016-03-19,1218,0.0,0.0,131,0.0
2016-03-20,1277,0.0,0.0,113,1.0
2016-03-21,1865,0.0,0.0,203,0.0
2016-03-22,1919,0.0,0.0,153,2.0
2016-03-23,1832,0.0,0.0,156,2.0
2016-03-24,1406,0.0,0.0,137,0.0
2016-03-25,1072,0.0,0.0,88,0.0
2016-03-26,1189,0.0,0.0,93,3.0
2016-03-27,903,0.0,0.0,74,3.0
2016-03-28,1710,0.0,0.0,159,8.0
2016-03-29,1430,0.0,0.0,159,0.0
2016-03-30,1333,0.0,0.0,152,1.0
2016-03-31,1189,0.0,0.0,162,0.0
2016-04-01,1079,0.0,0.0,111,6.0
2016-04-02,744,0.0,0.0,95,1.0
2016-04-03,479,0.0,0.0,78,0.0
2016-04-04,1453,0.0,0.0,206,2.0
2016-04-05,1453,0.0,0.0,224,3.0
2016-04-06,1653,0.0,0.0,206,3.0
2016-04-07,1669,0.0,0.0,167,1.0
2016-04-08,1690,0.0,0.0,163,1.0
2016-04-09,1247,0.0,0.0,183,5.0
2016-04-10,1105,0.0,0.0,178,3.0
2016-04-11,1481,0.0,0.0,242,1.0
2016-04-12,1769,0.0,0.0,194,1.0
2016-04-13,1723,0.0,0.0,192,3.0
2016-04-14,1676,0.0,0.0,238,0.0
2016-04-15,1804,0.0,0.0,226,1.0
2016-04-16,1254,0.0,0.0,154,1.0
2016-04-17,1059,0.0,0.0,118,3.0
2016-04-18,1668,0.0,0.0,219,10.0
2016-04-19,1958,0.0,0.0,188,3.0
2016-04-20,1982,0.0,0.0,162,0.0
2016-04-21,1724,0.0,0.0,179,3.0
2016-04-22,1011,0.0,0.0,101,2.0
2016-04-23,1519,0.0,0.0,167,1.0
2016-04-24,1469,0.0,0.0,132,3.0
2016-04-25,1923,0.0,0.0,180,3.0
2016-04-26,1848,0.0,0.0,166,1.0
2016-04-27,2017,0.0,0.0,152,0.0
2016-04-28,1970,0.0,0.0,202,2.0
2016-04-29,1703,0.0,0.0,179,1.0
2016-04-30,1445,0.0,0.0,121,2.0
2016-05-01,1500,0.0,0.0,143,1.0
2016-05-02,2007,0.0,0.0,199,2.0
2016-05-03,1988,0.0,0.0,260,2.0
2016-05-04,2150,0.0,0.0,247,0.0
2016-05-05,2178,0.0,0.0,214,0.0
2016-05-06,2237,0.0,0.0,244,3.0
2016-05-07,1690,0.0,0.0,185,7.0
2016-05-08,1333,0.0,0.0,165,1.0
2016-05-09,2023,0.0,0.0,233,1.0
2016-05-10,2377,0.0,0.0,251,3.0
2016-05-11,2048,0.0,0.0,237,2.0
2016-05-12,2079,0.0,0.0,229,1.0
2016-05-13,2252,0.0,0.0,378,1.0
2016-05-14,1772,0.0,0.0,242,1.0
2016-05-15,1744,0.0,0.0,166,1.0
2016-05-16,2397,0.0,0.0,271,2.0
2016-05-17,2693,0.0,0.0,342,2.0
2016-05-18,2304,0.0,0.0,300,3.0
2016-05-19,2484,0.0,0.0,371,3.0
2016-05-20,2280,0.0,0.0,230,1.0
2016-05-21,1774,0.0,0.0,228,3.0
2016-05-22,1834,0.0,0.0,253,1.0
2016-05-23,2283,0.0,0.0,284,3.0
2016-05-24,2365,0.0,0.0,261,5.0
2016-05-25,2266,0.0,0.0,259,2.0
2016-05-26,1937,0.0,0.0,209,0.0
2016-05-27,2088,0.0,0.0,179,4.0
2016-05-28,1652,0.0,0.0,173,1.0
2016-05-29,1723,0.0,0.0,264,1.0
2016-05-30,2210,0.0,0.0,298,1.0
2016-05-31,2099,0.0,0.0,367,1.0
2016-06-01,2091,0.0,0.0,419,2.0
2016-06-02,1998,0.0,0.0,312,4.0
2016-06-03,2001,0.0,1.0,315,3.0
2016-06-04,1726,0.0,0.0,272,2.0
2016-06-05,2006,0.0,0.0,272,2.0
2016-06-06,2272,0.0,0.0,444,4.0
2016-06-07,2541,0.0,0.0,342,0.0
2016-06-08,2448,0.0,0.0,322,4.0
2016-06-09,2355,0.0,0.0,339,2.0
2016-06-10,2417,0.0,0.0,311,1.0
2016-06-11,1823,0.0,0.0,260,3.0
2016-06-12,1706,0.0,0.0,229,1.0
2016-06-13,2204,0.0,0.0,265,5.0
2016-06-14,2628,0.0,0.0,351,3.0
2016-06-15,2491,0.0,0.0,378,0.0
2016-06-16,2446,0.0,0.0,347,4.0
2016-06-17,2378,0.0,0.0,289,0.0
2016-06-18,1879,0.0,0.0,295,1.0
2016-06-19,1856,0.0,0.0,242,2.0
2016-06-20,2488,0.0,0.0,274,1.0
2016-06-21,2339,0.0,0.0,301,2.0
2016-06-22,2362,0.0,0.0,351,4.0
2016-06-23,2280,0.0,0.0,323,4.0
2016-06-24,2103,0.0,0.0,286,6.0
2016-06-25,1607,0.0,0.0,181,3.0
2016-06-26,1616,0.0,0.0,203,5.0
2016-06-27,2227,0.0,0.0,330,3.0
2016-06-28,2408,0.0,0.0,326,1.0
2016-06-29,2279,0.0,0.0,287,2.0
2016-06-30,2310,0.0,0.0,314,1.0
2016-07-01,2320,0.0,0.0,349,4.0
2016-07-02,1614,0.0,0.0,215,3.0
2016-07-03,1704,0.0,0.0,176,2.0
2016-07-04,2300,0.0,0.0,223,4.0
2016-07-05,2470,0.0,0.0,201,4.0
2016-07-06,1949,0.0,0.0,221,3.0
2016-07-07,2446,0.0,0.0,274,2.0
2016-07-08,2186,0.0,0.0,245,1.0
2016-07-09,1755,0.0,0.0,202,0.0
2016-07-10,1738,0.0,0.0,177,2.0
2016-07-11,2463,0.0,0.0,266,5.0
2016-07-12,2808,0.0,0.0,264,1.0
2016-07-13,2548,0.0,0.0,262,5.0
2016-07-14,2544,0.0,0.0,204,2.0
2016-07-15,2459,0.0,0.0,222,2.0
2016-07-16,1707,0.0,0.0,170,4.0
2016-07-17,1772,0.0,0.0,163,2.0
2016-07-18,2558,0.0,0.0,223,2.0
2016-07-19,2574,0.0,0.0,240,3.0
2016-07-20,2574,0.0,0.0,244,4.0
2016-07-21,2437,0.0,0.0,314,2.0
2016-07-22,2257,0.0,0.0,229,3.0
2016-07-23,1763,0.0,0.0,146,7.0
2016-07-24,1763,0.0,0.0,161,1.0
2016-07-25,2491,0.0,0.0,190,1.0
2016-07-26,2584,0.0,0.0,176,2.0
2016-07-27,2547,0.0,0.0,263,2.0
2016-07-28,2538,0.0,0.0,252,1.0
2016-07-29,2236,0.0,0.0,237,2.0
2016-07-30,1811,0.0,0.0,170,1.0
2016-07-31,1838,0.0,0.0,206,1.0
2016-08-01,2490,0.0,0.0,300,2.0
2016-08-02,2439,0.0,0.0,248,1.0
2016-08-03,2512,0.0,0.0,278,0.0
2016-08-04,2456,0.0,0.0,250,1.0
2016-08-05,2350,0.0,0.0,214,2.0
2016-08-06,1880,0.0,0.0,217,0.0
2016-08-07,1961,0.0,0.0,213,1.0
2016-08-08,2285,0.0,0.0,248,17.0
2016-08-09,2452,0.0,0.0,257,4.0
2016-08-10,2583,0.0,0.0,276,2.0
2016-08-11,2666,0.0,0.0,256,1.0
2016-08-12,2478,0.0,0.0,228,2.0
2016-08-13,2022,0.0,0.0,196,2.0
2016-08-14,1526,0.0,0.0,221,0.0
2016-08-15,2087,0.0,0.0,224,2.0
2016-08-16,2414,0.0,0.0,255,1.0
2016-08-17,2661,0.0,0.0,252,2.0
2016-08-18,2855,0.0,0.0,253,1.0
2016-08-19,2775,0.0,0.0,326,4.0
2016-08-20,1741,0.0,0.0,178,5.0
2016-08-21,1746,0.0,0.0,164,1.0
2016-08-22,2720,0.0,0.0,311,2.0
2016-08-23,2730,0.0,0.0,294,3.0
2016-08-24,2691,0.0,0.0,317,0.0
2016-08-25,2623,0.0,0.0,258,3.0
2016-08-26,2523,0.0,0.0,236,2.0
2016-08-27,1919,0.0,0.0,220,4.0
2016-08-28,1876,0.0,0.0,202,2.0
2016-08-29,2624,0.0,0.0,297,5.0
2016-08-30,2686,0.0,0.0,343,1.0
2016-08-31,2747,0.0,0.0,302,2.0
2016-09-01,2617,0.0,0.0,283,2.0
2016-09-02,2530,0.0,0.0,297,2.0
2016-09-03,1880,0.0,0.0,175,4.0
2016-09-04,1810,0.0,0.0,182,4.0
2016-09-05,2562,0.0,0.0,287,0.0
2016-09-06,2570,0.0,0.0,256,2.0
2016-09-07,1977,0.0,0.0,177,4.0
2016-09-08,2707,0.0,0.0,278,2.0
2016-09-09,2628,0.0,0.0,301,1.0
2016-09-10,1960,0.0,0.0,180,1.0
2016-09-11,1812,0.0,0.0,176,2.0
2016-09-12,2590,0.0,0.0,309,3.0
2016-09-13,2725,0.0,0.0,298,1.0
2016-09-14,2690,0.0,0.0,287,2.0
2016-09-15,2534,0.0,0.0,318,2.0
2016-09-16,2563,0.0,0.0,336,3.0
2016-09-17,1812,0.0,0.0,203,2.0
2016-09-18,1943,0.0,0.0,199,1.0
2016-09-19,2592,0.0,0.0,302,0.0
2016-09-20,2573,0.0,0.0,371,8.0
2016-09-21,2746,0.0,0.0,363,3.0
2016-09-22,2600,0.0,0.0,334,2.0
2016-09-23,2524,0.0,0.0,313,5.0
2016-09-24,1888,0.0,0.0,240,2.0
2016-09-25,1977,0.0,0.0,247,0.0
2016-09-26,2447,0.0,0.0,335,1.0
2016-09-27,2582,0.0,0.0,329,3.0
2016-09-28,2749,0.0,0.0,345,2.0
2016-09-29,2450,0.0,0.0,321,4.0
2016-09-30,2375,0.0,0.0,298,2.0
2016-10-01,1729,0.0,0.0,192,2.0
2016-10-02,1544,0.0,0.0,173,1.0
2016-10-03,2382,0.0,0.0,276,4.0
2016-10-04,2540,0.0,0.0,329,0.0
2016-10-05,2484,0.0,0.0,327,3.0
2016-10-06,2390,0.0,0.0,290,1.0
2016-10-07,2390,0.0,0.0,273,4.0
2016-10-08,1898,0.0,0.0,237,1.0
2016-10-09,1828,0.0,0.0,205,1.0
2016-10-10,2304,0.0,0.0,280,1.0
2016-10-11,2442,0.0,0.0,288,2.0
2016-10-12,1898,0.0,0.0,243,0.0
2016-10-13,2376,0.0,0.0,251,2.0
2016-10-14,2333,0.0,0.0,264,1.0
2016-10-15,1776,0.0,0.0,213,1.0
2016-10-16,1770,0.0,0.0,165,1.0
2016-10-17,2283,0.0,0.0,222,2.0
2016-10-18,2364,0.0,0.0,266,4.0
2016-10-19,2350,0.0,0.0,253,2.0
2016-10-20,2218,0.0,0.0,243,2.0
2016-10-21,2233,0.0,0.0,200,3.0
2016-10-22,1699,0.0,0.0,140,6.0
2016-10-23,1693,0.0,0.0,158,1.0
2016-10-24,2109,0.0,0.0,215,2.0
2016-10-25,2196,0.0,0.0,204,2.0
2016-10-26,2205,0.0,0.0,385,4.0
2016-10-27,2265,0.0,0.0,215,2.0
2016-10-28,2119,0.0,0.0,245,1.0
2016-10-29,1679,0.0,0.0,161,2.0
2016-10-30,1599,0.0,0.0,127,3.0
2016-10-31,2156,0.0,0.0,224,1.0
2016-11-01,2186,0.0,0.0,233,1.0
2016-11-02,1833,0.0,0.0,156,0.0
2016-11-03,2172,0.0,0.0,224,1.0
2016-11-04,2115,0.0,1.0,230,1.0
2016-11-05,1406,0.0,0.0,110,1.0
2016-11-06,1530,0.0,0.0,143,0.0
2016-11-07,2049,0.0,0.0,152,2.0
2016-11-08,2005,0.0,0.0,183,1.0
2016-11-09,1982,0.0,0.0,203,2.0
2016-11-10,2124,0.0,8.0,226,5.0
2016-11-11,2026,0.0,2.0,181,2.0
2016-11-12,1636,0.0,0.0,163,3.0
2016-11-13,1549,0.0,1.0,170,2.0
2016-11-14,2402,0.0,0.0,264,2.0
2016-11-15,1739,0.0,0.0,197,0.0
2016-11-16,2317,0.0,0.0,252,0.0
2016-11-17,2343,0.0,0.0,265,3.0
2016-11-18,2167,0.0,1.0,250,0.0
2016-11-19,1610,0.0,0.0,184,1.0
2016-11-20,1515,0.0,0.0,154,4.0
2016-11-21,1853,0.0,0.0,222,0.0
2016-11-22,2279,0.0,0.0,249,2.0
2016-11-23,2051,0.0,0.0,202,3.0
2016-11-24,2093,0.0,0.0,208,2.0
2016-11-25,1941,0.0,0.0,252,1.0
2016-11-26,1466,0.0,0.0,159,0.0
2016-11-27,1527,0.0,0.0,207,0.0
2016-11-28,1932,0.0,0.0,259,1.0
2016-11-29,1880,0.0,0.0,194,0.0
2016-11-30,1945,0.0,0.0,214,1.0
2016-12-01,1832,0.0,0.0,230,2.0
2016-12-02,1709,0.0,4.0,217,3.0
2016-12-03,1233,0.0,0.0,160,3.0
2016-12-04,1320,0.0,0.0,177,3.0
2016-12-05,1876,0.0,0.0,186,3.0
2016-12-06,1798,0.0,1.0,221,10.0
2016-12-07,1888,0.0,0.0,198,5.0
2016-12-08,1687,0.0,2.0,183,1.0
2016-12-09,1629,0.0,0.0,197,3.0
2016-12-10,1176,0.0,4.0,126,0.0
2016-12-11,1283,0.0,0.0,150,3.0
2016-12-12,1673,0.0,0.0,185,3.0
2016-12-13,1638,0.0,0.0,153,1.0
2016-12-14,1637,0.0,0.0,225,0.0
2017-01-01,652,0.0,0.0,100,1.0
2017-01-02,1408,0.0,0.0,206,0.0
2017-01-03,1551,0.0,1.0,248,3.0
2017-01-04,1599,0.0,0.0,251,2.0
2017-01-05,1679,0.0,0.0,281,2.0
2017-01-06,1501,0.0,0.0,183,5.0
2017-01-07,1216,0.0,0.0,179,3.0
2017-01-08,939,0.0,0.0,197,1.0
2017-01-09,1700,0.0,0.0,273,4.0
2017-01-10,1806,0.0,0.0,310,3.0
2017-01-11,1454,0.0,0.0,166,0.0
2017-01-12,1778,0.0,0.0,249,1.0
2017-01-13,1693,0.0,0.0,233,4.0
2017-01-14,1305,0.0,0.0,205,1.0
2017-01-15,1382,0.0,0.0,244,1.0
2017-01-16,1809,0.0,0.0,262,4.0
2017-01-17,1810,0.0,0.0,364,0.0
2017-01-18,1693,0.0,0.0,306,3.0
2017-01-19,1657,0.0,0.0,287,2.0
2017-01-20,1558,0.0,0.0,298,1.0
2017-01-21,1268,0.0,0.0,195,0.0
2017-01-22,1177,0.0,0.0,224,2.0
2017-01-23,1567,0.0,0.0,283,2.0
2017-01-24,1777,0.0,0.0,305,0.0
2017-01-25,1697,0.0,0.0,336,4.0
2017-01-26,1695,0.0,0.0,264,3.0
2017-01-27,1590,0.0,0.0,243,3.0
2017-01-28,1050,0.0,3.0,200,1.0
2017-01-29,1260,0.0,0.0,236,2.0
2017-01-30,1617,0.0,0.0,289,0.0
2017-01-31,1388,0.0,0.0,257,2.0
2017-02-01,1281,0.0,0.0,194,6.0
2017-02-02,1510,0.0,0.0,284,2.0
2017-02-03,1453,0.0,0.0,300,3.0
2017-02-04,1126,0.0,0.0,179,2.0
2017-02-05,1165,0.0,0.0,198,2.0
2017-02-06,1470,0.0,0.0,240,10.0
2017-02-07,1516,0.0,0.0,306,2.0
2017-02-08,1567,0.0,0.0,317,5.0
2017-02-09,1697,0.0,0.0,212,5.0
2017-02-10,1444,0.0,0.0,184,1.0
2017-02-11,828,0.0,0.0,130,1.0
2017-02-12,1203,0.0,0.0,160,3.0
2017-02-13,1208,0.0,0.0,179,3.0
2017-02-14,1391,0.0,0.0,247,3.0
2017-02-15,1593,0.0,0.0,223,7.0
2017-02-16,1617,0.0,0.0,228,6.0
2017-02-17,1106,0.0,0.0,213,5.0
2017-02-18,1065,0.0,0.0,145,4.0
2017-02-19,825,0.0,0.0,138,4.0
2017-02-20,1278,0.0,0.0,229,6.0
2017-02-21,1356,0.0,0.0,287,5.0
2017-02-22,1452,0.0,0.0,255,2.0
2017-02-23,1479,0.0,0.0,269,2.0
2017-02-24,1357,0.0,0.0,218,3.0
2017-02-25,858,0.0,0.0,129,2.0
2017-02-26,830,0.0,0.0,124,7.0
2017-02-27,658,0.0,0.0,110,3.0
2017-02-28,819,0.0,0.0,135,5.0
2017-03-01,900,0.0,0.0,166,4.0
2017-03-02,1202,0.0,0.0,178,7.0
2017-03-03,1094,0.0,0.0,167,4.0
2017-03-04,1015,0.0,0.0,198,1.0
2017-03-05,1088,0.0,0.0,123,0.0
2017-03-06,1550,0.0,0.0,153,2.0
2017-03-07,1401,0.0,0.0,168,7.0
2017-03-08,1300,0.0,0.0,218,6.0
2017-03-09,923,0.0,0.0,198,1.0
2017-03-10,1132,0.0,0.0,142,6.0
2017-03-11,973,0.0,0.0,168,1.0
2017-03-12,984,0.0,0.0,159,3.0
2017-03-13,1175,0.0,0.0,186,19.0
2017-03-14,1316,0.0,0.0,225,11.0
2017-03-15,1465,0.0,0.0,311,10.0
2017-03-16,1435,0.0,0.0,231,3.0
2017-03-17,1419,0.0,0.0,239,4.0
2017-03-18,1084,0.0,0.0,186,13.0
2017-03-19,1085,0.0,0.0,180,11.0
2017-03-20,1333,0.0,0.0,217,7.0
2017-03-21,1444,0.0,0.0,234,11.0
2017-03-22,1238,0.0,0.0,152,6.0
2017-03-23,1135,0.0,0.0,190,8.0
2017-03-24,842,0.0,0.0,188,4.0
2017-03-25,1092,0.0,0.0,144,6.0
2017-03-26,813,0.0,0.0,103,4.0
2017-03-27,1316,0.0,0.0,212,11.0
2017-03-28,1422,0.0,0.0,202,3.0
2017-03-29,1537,0.0,0.0,196,6.0
2017-03-30,880,0.0,0.0,109,3.0
2017-03-31,1315,0.0,0.0,222,21.0
2017-04-01,453,0.0,0.0,136,2.0
2017-04-02,1053,0.0,0.0,231,1.0
2017-04-03,1478,0.0,0.0,258,5.0
2017-04-04,1526,0.0,0.0,216,7.0
2017-04-05,1339,0.0,1.0,251,2.0
2017-04-06,1484,0.0,0.0,252,3.0
2017-04-07,1387,0.0,0.0,191,2.0
2017-04-08,1172,0.0,1.0,217,3.0
2017-04-09,1126,0.0,0.0,160,4.0
2017-04-10,1595,0.0,0.0,211,10.0
2017-04-11,1113,0.0,0.0,187,1.0
2017-04-12,1642,0.0,0.0,323,5.0
2017-04-13,981,0.0,0.0,203,8.0
2017-04-14,817,0.0,0.0,117,10.0
2017-04-15,976,0.0,0.0,117,6.0
2017-04-16,885,0.0,0.0,115,4.0
2017-04-17,1439,0.0,0.0,246,5.0
2017-04-18,1531,0.0,0.0,235,2.0
2017-04-19,1837,0.0,0.0,279,5.0
2017-04-20,1364,0.0,0.0,194,3.0
2017-04-21,1126,0.0,0.0,206,1.0
2017-04-22,1039,0.0,0.0,227,3.0
2017-04-23,1048,0.0,0.0,199,7.0
2017-04-24,1152,0.0,0.0,200,13.0
2017-04-25,1457,0.0,0.0,236,3.0
2017-04-26,1558,0.0,0.0,169,9.0
2017-04-27,1454,0.0,0.0,214,5.0
2017-04-28,1420,0.0,0.0,255,4.0
2017-04-29,1025,0.0,0.0,116,5.0
2017-04-30,923,0.0,0.0,123,4.0
2017-05-01,1106,0.0,0.0,160,6.0
2017-05-02,582,0.0,0.0,47,2.0
2017-05-03,1227,0.0,0.0,206,7.0
2017-05-04,1384,0.0,0.0,250,9.0
2017-05-05,1399,0.0,0.0,196,7.0
2017-05-06,1145,0.0,0.0,131,2.0
2017-05-07,1083,0.0,0.0,166,4.0
2017-05-08,1082,0.0,0.0,144,3.0
2017-05-09,1559,0.0,1.0,214,7.0
2017-05-10,1573,0.0,0.0,209,2.0
2017-05-11,1565,0.0,0.0,248,5.0
2017-05-12,1420,0.0,0.0,211,6.0
2017-05-13,1155,0.0,0.0,186,3.0
2017-05-14,871,0.0,0.0,129,4.0
2017-05-15,1540,0.0,0.0,219,10.0
2017-05-16,1699,0.0,0.0,371,6.0
2017-05-17,1487,0.0,0.0,240,3.0
2017-05-18,1524,0.0,0.0,376,1.0
2017-05-19,1439,0.0,0.0,223,2.0
2017-05-20,1272,0.0,0.0,216,3.0
2017-05-21,1143,0.0,0.0,131,1.0
2017-05-22,1470,0.0,0.0,123,1.0
2017-05-23,1574,0.0,0.0,143,4.0
2017-05-24,1613,0.0,0.0,219,8.0
2017-05-25,1533,0.0,0.0,223,15.0
2017-05-26,1508,0.0,0.0,243,4.0
2017-05-27,1044,0.0,0.0,128,3.0
2017-05-28,856,0.0,0.0,112,7.0
2017-05-29,799,0.0,0.0,105,0.0
2017-05-30,1436,0.0,0.0,197,6.0
2017-05-31,1377,0.0,0.0,218,4.0
2017-06-01,1485,0.0,1.0,272,1.0
2017-06-02,1517,0.0,0.0,268,1.0
2017-06-03,1086,0.0,0.0,179,3.0
2017-06-04,975,0.0,0.0,160,3.0
2017-06-05,1516,0.0,10.0,248,0.0
2017-06-06,1625,0.0,6.0,233,7.0
2017-06-07,1615,0.0,22.0,270,6.0
2017-06-08,1545,0.0,1.0,240,6.0
2017-06-09,1430,0.0,0.0,286,3.0
2017-06-10,1003,0.0,0.0,173,5.0
2017-06-11,972,0.0,0.0,161,5.0
2017-06-12,1220,0.0,0.0,225,6.0
2017-06-13,1445,0.0,0.0,258,6.0
2017-06-14,1392,0.0,0.0,245,5.0
2017-06-15,1135,0.0,0.0,221,2.0
2017-06-16,1304,0.0,0.0,191,6.0
2017-06-17,1143,0.0,0.0,156,4.0
2017-06-18,1013,0.0,0.0,147,6.0
2017-06-19,1359,0.0,0.0,223,5.0
2017-06-20,1371,0.0,0.0,232,4.0
2017-06-21,1404,0.0,0.0,208,3.0
2017-06-22,1418,0.0,0.0,182,3.0
2017-06-23,1292,0.0,0.0,177,4.0
2017-06-24,1084,0.0,0.0,128,2.0
2017-06-25,918,0.0,0.0,140,5.0
2017-06-26,1354,0.0,0.0,227,4.0
2017-06-27,1513,0.0,0.0,273,2.0
2017-06-28,1295,0.0,2.0,308,6.0
2017-06-29,1400,3.0,0.0,261,6.0
2017-06-30,1301,11.0,0.0,350,3.0
2017-07-01,1108,17.0,0.0,205,1.0
2017-07-02,1145,74.0,0.0,163,7.0
2017-07-03,1189,16.0,0.0,206,8.0
2017-07-04,1353,37.0,0.0,287,7.0
2017-07-05,1428,27.0,0.0,270,7.0
2017-07-06,1487,43.0,1.0,276,2.0
2017-07-07,1352,49.0,0.0,218,6.0
2017-07-08,1016,62.0,0.0,158,3.0
2017-07-09,1201,112.0,0.0,201,2.0
2017-07-10,1230,48.0,0.0,231,4.0
2017-07-11,1296,58.0,0.0,233,7.0
2017-07-12,1479,77.0,0.0,229,6.0
2017-07-13,1409,81.0,0.0,202,5.0
2017-07-14,1401,43.0,1.0,289,4.0
2017-07-15,1165,92.0,0.0,161,4.0
2017-07-16,1180,130.0,0.0,121,1.0
2017-07-17,1411,76.0,1.0,206,7.0
2017-07-18,1541,88.0,0.0,240,4.0
2017-07-19,1432,73.0,0.0,173,15.0
2017-07-20,1108,57.0,0.0,171,5.0
2017-07-21,1078,56.0,0.0,140,8.0
2017-07-22,1066,97.0,0.0,145,3.0
2017-07-23,1198,101.0,3.0,120,6.0
2017-07-24,1447,61.0,0.0,190,6.0
2017-07-25,1303,73.0,0.0,187,3.0
2017-07-26,1333,62.0,0.0,318,2.0
2017-07-27,1085,69.0,0.0,150,1.0
2017-07-28,1130,51.0,0.0,122,2.0
2017-07-29,1167,103.0,0.0,119,5.0
2017-07-30,1106,118.0,0.0,101,4.0
2017-07-31,1324,45.0,0.0,111,3.0
2017-08-01,1340,34.0,0.0,120,6.0
2017-08-02,1447,23.0,0.0,167,5.0
2017-08-03,1425,30.0,0.0,200,5.0
2017-08-04,1425,38.0,0.0,262,9.0
2017-08-05,1143,72.0,0.0,187,6.0
2017-08-06,1265,87.0,0.0,296,7.0
2017-08-07,1395,11.0,0.0,245,7.0
2017-08-08,1350,22.0,0.0,186,6.0
2017-08-09,1322,33.0,0.0,138,6.0
2017-08-10,1269,32.0,0.0,178,4.0
2017-08-11,1251,30.0,0.0,184,4.0
2017-08-12,1024,92.0,0.0,166,1.0
2017-08-13,974,81.0,0.0,114,1.0
2017-08-14,1125,56.0,11.0,108,4.0
2017-08-15,1328,121.0,2.0,251,5.0
2017-08-16,1478,28.0,1.0,202,10.0
2017-08-17,1371,16.0,0.0,211,4.0
2017-08-18,1376,51.0,0.0,215,5.0
2017-08-19,1122,95.0,0.0,214,3.0
2017-08-20,1111,96.0,0.0,267,1.0
2017-08-21,1170,22.0,0.0,176,7.0
2017-08-22,1415,14.0,0.0,208,2.0
2017-08-23,1398,27.0,3.0,234,2.0
2017-08-24,1411,23.0,2.0,182,0.0
2017-08-25,1272,42.0,0.0,190,3.0
2017-08-26,949,83.0,0.0,88,2.0
2017-08-27,1132,81.0,0.0,131,0.0
2017-08-28,1370,21.0,1.0,185,4.0
2017-08-29,1386,22.0,1.0,231,8.0
2017-08-30,1228,16.0,0.0,245,9.0
2017-08-31,1169,13.0,1.0,170,3.0
2017-09-01,1241,40.0,0.0,114,3.0
2017-09-02,960,88.0,0.0,74,1.0
2017-09-03,1112,66.0,0.0,99,3.0
2017-09-04,1177,10.0,0.0,148,4.0
2017-09-05,1338,7.0,0.0,184,7.0
2017-09-06,1267,17.0,0.0,148,3.0
2017-09-07,1041,90.0,0.0,128,4.0
2017-09-08,1137,31.0,0.0,123,5.0
2017-09-09,1047,65.0,0.0,144,2.0
2017-09-10,991,79.0,0.0,100,1.0
2017-09-11,1309,14.0,0.0,113,5.0
2017-09-12,1269,14.0,0.0,147,4.0
2017-09-13,1299,14.0,0.0,106,4.0
2017-09-14,1310,16.0,0.0,119,2.0
2017-09-15,1263,18.0,0.0,106,7.0
2017-09-16,912,69.0,0.0,94,3.0
2017-09-17,1116,87.0,0.0,137,6.0
2017-09-18,1175,5.0,0.0,188,1.0
2017-09-19,1285,14.0,0.0,207,5.0
2017-09-20,1271,17.0,0.0,149,2.0
2017-09-21,1247,17.0,4.0,155,10.0
2017-09-22,1191,28.0,6.0,153,10.0
2017-09-23,913,71.0,0.0,118,2.0
2017-09-24,888,83.0,0.0,123,4.0
2017-09-25,1193,12.0,3.0,132,0.0
2017-09-26,1208,10.0,0.0,153,2.0
2017-09-27,1257,9.0,0.0,177,1.0
2017-09-28,1270,25.0,0.0,242,1.0
2017-09-29,1166,34.0,0.0,204,6.0
2017-09-30,978,58.0,0.0,113,8.0
2017-10-01,850,65.0,0.0,123,1.0
2017-10-02,912,6.0,0.0,129,2.0
2017-10-03,1181,14.0,8.0,197,3.0
2017-10-04,1179,13.0,5.0,183,6.0
2017-10-05,1182,14.0,7.0,155,4.0
2017-10-06,1124,18.0,0.0,149,3.0
2017-10-07,976,52.0,0.0,93,0.0
2017-10-08,902,81.0,0.0,85,4.0
2017-10-09,1106,13.0,0.0,174,6.0
2017-10-10,1069,16.0,0.0,94,6.0
2017-10-11,982,18.0,0.0,94,4.0
2017-10-12,806,71.0,0.0,163,4.0
2017-10-13,954,21.0,0.0,87,1.0
2017-10-14,762,54.0,0.0,66,1.0
2017-10-15,935,60.0,0.0,75,1.0
2017-10-16,982,17.0,0.0,112,3.0
2017-10-17,1072,11.0,0.0,120,3.0
2017-10-18,1027,9.0,0.0,158,5.0
2017-10-19,1143,15.0,0.0,203,2.0
2017-10-20,813,15.0,0.0,112,3.0
2017-10-21,783,44.0,0.0,140,2.0
2017-10-22,835,38.0,0.0,208,5.0
2017-10-23,967,13.0,0.0,91,2.0
2017-10-24,1047,6.0,0.0,113,6.0
2017-10-25,986,13.0,6.0,79,2.0
2017-10-26,1060,20.0,0.0,108,2.0
2017-10-27,1009,14.0,0.0,100,3.0
2017-10-28,764,43.0,0.0,83,4.0
2017-10-29,761,63.0,0.0,111,8.0
2017-10-30,947,8.0,0.0,125,1.0
2017-10-31,974,4.0,0.0,88,4.0
2017-11-01,951,18.0,0.0,97,2.0
2017-11-02,921,69.0,0.0,116,2.0
2017-11-03,863,35.0,0.0,132,3.0
2017-11-04,718,69.0,0.0,59,1.0
2017-11-05,698,47.0,0.0,61,3.0
2017-11-06,820,9.0,0.0,83,4.0
2017-11-07,926,11.0,0.0,83,5.0
2017-11-08,963,13.0,0.0,78,1.0
2017-11-09,946,7.0,0.0,129,1.0
2017-11-10,839,20.0,1.0,114,2.0
2017-11-11,670,40.0,0.0,88,0.0
2017-11-12,682,76.0,0.0,94,2.0
2017-11-13,704,7.0,0.0,66,1.0
2017-11-14,882,18.0,0.0,62,2.0
2017-11-15,818,67.0,0.0,118,3.0
2017-11-16,792,8.0,0.0,109,3.0
2017-11-17,824,17.0,1.0,128,2.0
2017-11-18,694,48.0,0.0,112,0.0
2017-11-19,635,43.0,0.0,182,1.0
2017-11-20,773,11.0,2.0,114,3.0
2017-11-21,888,7.0,5.0,87,4.0
2017-11-22,901,10.0,9.0,67,3.0
2017-11-23,888,9.0,7.0,98,1.0
2017-11-24,823,13.0,1.0,67,1.0
2017-11-25,679,43.0,0.0,106,1.0
2017-11-26,686,58.0,0.0,76,1.0
2017-11-27,696,23.0,0.0,99,1.0
2017-11-28,755,15.0,2.0,92,8.0
2017-11-29,702,29.0,4.0,90,2.0
2017-11-30,695,31.0,4.0,85,8.0
2017-12-01,700,20.0,5.0,95,8.0
2017-12-02,515,33.0,0.0,47,2.0
2017-12-03,491,38.0,0.0,58,2.0
2017-12-04,618,24.0,0.0,52,3.0
2017-12-05,795,14.0,7.0,37,1.0
2017-12-06,782,22.0,3.0,39,1.0
2017-12-07,805,16.0,0.0,43,3.0
2017-12-08,710,15.0,14.0,53,3.0
2017-12-09,689,29.0,0.0,46,2.0
2017-12-10,546,49.0,0.0,13,2.0
2017-12-11,742,11.0,2.0,31,0.0
2017-12-12,792,19.0,3.0,34,0.0
2017-12-13,676,17.0,19.0,72,1.0
2017-12-14,798,16.0,0.0,52,2.0
2017-12-15,660,26.0,11.0,72,1.0
2017-12-16,502,29.0,0.0,40,1.0
2017-12-17,521,24.0,0.0,56,0.0
2017-12-18,621,25.0,10.0,52,2.0
2017-12-19,327,18.0,2.0,22,0.0
2017-12-20,346,11.0,7.0,18,3.0
2017-12-21,441,16.0,3.0,31,1.0
2017-12-22,401,13.0,6.0,23,6.0
2017-12-23,358,20.0,0.0,21,3.0
2017-12-24,292,11.0,1.0,19,0.0
2017-12-25,337,37.0,0.0,38,0.0
2017-12-26,514,28.0,0.0,34,0.0
2017-12-27,587,33.0,0.0,32,2.0
2017-12-28,688,25.0,12.0,60,8.0
2017-12-29,727,34.0,0.0,85,6.0
2017-12-30,621,36.0,0.0,59,2.0
2017-12-31,345,5.0,0.0,47,3.0
