year,month,day,max_tmp
2014,01,01,30.400
2014,01,02,29.400
2014,01,03,30.700
2014,01,04,31.600
2014,01,05,30.600
2014,01,06,29.700
2014,01,07,31.600
2014,01,08,31.600
2014,01,09,31.700
2014,01,10,32.200
2014,01,11,30.000
2014,01,12,31.300
2014,01,13,31.600
2014,01,14,32.600
2014,01,15,32.000
2014,01,16,31.800
2014,01,17,31.800
2014,01,18,31.400
2014,01,19,31.300
2014,01,20,32.000
2014,01,21,32.700
2014,01,22,32.200
2014,01,23,32.000
2014,01,24,30.200
2014,01,25,33.000
2014,01,26,32.000
2014,01,27,32.900
2014,01,28,33.200
2014,01,29,
2014,01,30,31.200
2014,01,31,31.900
2014,02,01,31.800
2014,02,02,31.700
2014,02,03,28.800
2014,02,04,30.900
2014,02,05,
2014,02,06,
2014,02,07,
2014,02,08,30.900
2014,02,09,31.400
2014,02,10,31.800
2014,02,11,31.200
2014,02,12,30.200
2014,02,13,31.400
2014,02,14,30.000
2014,02,15,30.800
2014,02,16,28.400
2014,02,17,31.200
2014,02,18,29.900
2014,02,19,29.900
2014,02,20,31.200
2014,02,21,31.400
2014,02,22,31.500
2014,02,23,32.200
2014,02,24,31.900
2014,02,25,31.600
2014,02,26,31.600
2014,02,27,31.700
2014,02,28,31.800
2014,03,01,32.200
2014,03,02,32.200
2014,03,03,30.000
2014,03,04,31.600
2014,03,05,30.900
2014,03,06,31.600
2014,03,07,31.600
2014,03,08,30.900
2014,03,09,29.700
2014,03,10,30.800
2014,03,11,31.200
2014,03,12,31.400
2014,03,13,31.400
2014,03,14,30.600
2014,03,15,31.000
2014,03,16,28.800
2014,03,17,30.400
2014,03,18,30.700
2014,03,19,32.000
2014,03,20,32.200
2014,03,21,31.600
2014,03,22,32.200
2014,03,23,32.300
2014,03,24,32.600
2014,03,25,31.800
2014,03,26,32.000
2014,03,27,29.800
2014,03,28,31.200
2014,03,29,29.700
2014,03,30,29.900
2014,03,31,28.800
2014,04,01,28.000
2014,04,02,29.700
2014,04,03,31.800
2014,04,04,31.600
2014,04,05,31.200
2014,04,06,31.900
2014,04,07,30.700
2014,04,08,29.600
2014,04,09,31.600
2014,04,10,31.800
2014,04,11,30.900
2014,04,12,31.600
2014,04,13,32.000
2014,04,14,31.500
2014,04,15,29.400
2014,04,16,29.400
2014,04,17,28.400
2014,04,18,31.800
2014,04,19,32.300
2014,04,20,31.900
2014,04,21,31.800
2014,04,22,31.700
2014,04,23,31.600
2014,04,24,31.800
2014,04,25,31.800
2014,04,26,32.200
2014,04,27,29.800
2014,04,28,30.300
2014,04,29,30.700
2014,04,30,28.400
2014,05,01,31.900
2014,05,02,31.600
2014,05,03,31.400
2014,05,04,31.400
2014,05,05,30.500
2014,05,06,31.600
2014,05,07,31.500
2014,05,08,30.800
2014,05,09,29.100
2014,05,10,29.800
2014,05,11,31.600
2014,05,12,30.600
2014,05,13,
2014,05,14,
2014,05,15,31.600
2014,05,16,31.800
2014,05,17,31.800
2014,05,18,31.600
2014,05,19,31.400
2014,05,20,28.700
2014,05,21,31.400
2014,05,22,31.000
2014,05,23,31.700
2014,05,24,31.200
2014,05,25,31.400
2014,05,26,30.400
2014,05,27,29.800
2014,05,28,31.200
2014,05,29,31.900
2014,05,30,31.800
2014,05,31,31.600
2014,06,01,31.400
2014,06,02,31.400
2014,06,03,30.800
2014,06,04,31.100
2014,06,05,31.400
2014,06,06,30.900
2014,06,07,30.700
2014,06,08,31.400
2014,06,09,
2014,06,10,
2014,06,11,
2014,06,12,31.000
2014,06,13,31.400
2014,06,14,28.600
2014,06,15,31.100
2014,06,16,30.000
2014,06,17,
2014,06,18,31.600
2014,06,19,30.700
2014,06,20,
2014,06,21,
2014,06,22,
2014,06,23,30.800
2014,06,24,31.400
2014,06,25,30.900
2014,06,26,29.800
2014,06,27,31.100
2014,06,28,30.900
2014,06,29,31.400
2014,06,30,
2014,07,01,30.800
2014,07,02,30.200
2014,07,03,30.600
2014,07,04,30.900
2014,07,05,31.400
2014,07,06,
2014,07,07,30.700
2014,07,08,31.500
2014,07,09,31.300
2014,07,10,32.000
2014,07,11,28.600
2014,07,12,30.900
2014,07,13,31.100
2014,07,14,31.400
2014,07,15,30.900
2014,07,16,31.200
2014,07,17,30.800
2014,07,18,31.000
2014,07,19,30.900
2014,07,20,31.200
2014,07,21,30.000
2014,07,22,31.900
2014,07,23,30.200
2014,07,24,30.900
2014,07,25,31.700
2014,07,26,
2014,07,27,31.600
2014,07,28,32.100
2014,07,29,31.200
2014,07,30,32.000
2014,07,31,31.100
2014,08,01,32.200
2014,08,02,31.000
2014,08,03,30.800
2014,08,04,31.200
2014,08,05,31.700
2014,08,06,31.800
2014,08,07,32.000
2014,08,08,31.000
2014,08,09,31.700
2014,08,10,31.400
2014,08,11,
2014,08,12,31.900
2014,08,13,32.600
2014,08,14,32.200
2014,08,15,32.700
2014,08,16,31.600
2014,08,17,32.200
2014,08,18,31.900
2014,08,19,31.800
2014,08,20,31.100
2014,08,21,31.700
2014,08,22,31.400
2014,08,23,32.100
2014,08,24,31.200
2014,08,25,30.600
2014,08,26,28.900
2014,08,27,30.900
2014,08,28,31.300
2014,08,29,31.900
2014,08,30,31.700
2014,08,31,31.200
2014,09,01,30.900
2014,09,02,31.800
2014,09,03,31.200
2014,09,04,31.500
2014,09,05,31.900
2014,09,06,
2014,09,07,32.400
2014,09,08,31.000
2014,09,09,32.000
2014,09,10,31.800
2014,09,11,31.400
2014,09,12,32.600
2014,09,13,32.200
2014,09,14,31.700
2014,09,15,31.600
2014,09,16,30.700
2014,09,17,31.600
2014,09,18,30.800
2014,09,19,31.400
2014,09,20,32.000
2014,09,21,30.400
2014,09,22,31.900
2014,09,23,31.900
2014,09,24,31.800
2014,09,25,31.600
2014,09,26,31.700
2014,09,27,31.200
2014,09,28,
2014,09,29,
2014,09,30,
2014,10,01,31.500
2014,10,02,31.700
2014,10,03,32.400
2014,10,04,32.400
2014,10,05,
2014,10,06,32.000
2014,10,07,31.900
2014,10,08,
2014,10,09,
2014,10,10,
2014,10,11,32.500
2014,10,12,31.800
2014,10,13,32.200
2014,10,14,31.700
2014,10,15,32.600
2014,10,16,
2014,10,17,32.200
2014,10,18,31.600
2014,10,19,32.000
2014,10,20,31.500
2014,10,21,31.800
2014,10,22,32.000
2014,10,23,31.600
2014,10,24,32.400
2014,10,25,31.600
2014,10,26,32.500
2014,10,27,31.800
2014,10,28,32.000
2014,10,29,31.700
2014,10,30,32.300
2014,10,31,31.900
2014,11,01,32.200
2014,11,02,31.000
2014,11,03,31.600
2014,11,04,32.300
2014,11,05,31.600
2014,11,06,32.000
2014,11,07,31.700
2014,11,08,31.800
2014,11,09,31.700
2014,11,10,31.000
2014,11,11,32.000
2014,11,12,32.400
2014,11,13,32.600
2014,11,14,32.400
2014,11,15,32.200
2014,11,16,32.400
2014,11,17,32.200
2014,11,18,31.500
2014,11,19,31.900
2014,11,20,31.600
2014,11,21,32.600
2014,11,22,31.900
2014,11,23,32.300
2014,11,24,31.700
2014,11,25,31.600
2014,11,26,30.600
2014,11,27,32.200
2014,11,28,32.000
2014,11,29,31.400
2014,11,30,32.700
2014,12,01,32.000
2014,12,02,32.300
2014,12,03,31.800
2014,12,04,31.000
2014,12,05,31.900
2014,12,06,32.100
2014,12,07,32.000
2014,12,08,31.800
2014,12,09,31.200
2014,12,10,31.800
2014,12,11,32.700
2014,12,12,31.900
2014,12,13,31.400
2014,12,14,32.200
2014,12,15,31.000
2014,12,16,31.900
2014,12,17,32.400
2014,12,18,32.900
2014,12,19,32.100
2014,12,20,32.000
2014,12,21,32.000
2014,12,22,31.500
2014,12,23,31.800
2014,12,24,31.200
2014,12,25,30.600
2014,12,26,31.600
2014,12,27,31.600
2014,12,28,31.000
2014,12,29,31.200
2014,12,30,31.300
2014,12,31,31.600
2015,01,01,31.600
2015,01,02,
2015,01,03,29.300
2015,01,04,31.200
2015,01,05,30.800
2015,01,06,30.200
2015,01,07,30.600
2015,01,08,31.400
2015,01,09,31.400
2015,01,10,30.200
2015,01,11,31.400
2015,01,12,31.400
2015,01,13,32.000
2015,01,14,32.200
2015,01,15,32.500
2015,01,16,32.000
2015,01,17,31.600
2015,01,18,31.800
2015,01,19,32.300
2015,01,20,31.800
2015,01,21,32.100
2015,01,22,31.800
2015,01,23,32.000
2015,01,24,31.900
2015,01,25,33.000
2015,01,26,32.000
2015,01,27,32.000
2015,01,28,32.400
2015,01,29,32.200
2015,01,30,32.800
2015,01,31,32.600
2015,02,01,32.900
2015,02,02,31.800
2015,02,03,32.000
2015,02,04,33.000
2015,02,05,32.600
2015,02,06,32.900
2015,02,07,33.200
2015,02,08,33.000
2015,02,09,33.100
2015,02,10,32.900
2015,02,11,33.000
2015,02,12,32.900
2015,02,13,33.000
2015,02,14,32.700
2015,02,15,31.400
2015,02,16,32.400
2015,02,17,32.600
2015,02,18,31.600
2015,02,19,30.900
2015,02,20,28.400
2015,02,21,29.500
2015,02,22,
2015,02,23,28.400
2015,02,24,28.600
2015,02,25,31.500
2015,02,26,30.800
2015,02,27,
2015,02,28,31.000
2015,03,01,30.600
2015,03,02,32.200
2015,03,03,31.900
2015,03,04,31.200
2015,03,05,30.700
2015,03,06,29.600
2015,03,07,
2015,03,08,28.100
2015,03,09,27.700
2015,03,10,31.000
2015,03,11,31.400
2015,03,12,31.700
2015,03,13,31.600
2015,03,14,32.900
2015,03,15,32.400
2015,03,16,31.800
2015,03,17,32.000
2015,03,18,31.100
2015,03,19,32.000
2015,03,20,31.100
2015,03,21,30.200
2015,03,22,28.800
2015,03,23,29.100
2015,03,24,31.200
2015,03,25,31.600
2015,03,26,30.900
2015,03,27,31.600
2015,03,28,31.200
2015,03,29,29.600
2015,03,30,30.400
2015,03,31,30.400
2015,04,01,28.200
2015,04,02,31.100
2015,04,03,30.600
2015,04,04,31.300
2015,04,05,32.000
2015,04,06,32.300
2015,04,07,32.400
2015,04,08,30.600
2015,04,09,31.200
2015,04,10,30.800
2015,04,11,31.600
2015,04,12,28.100
2015,04,13,
2015,04,14,31.400
2015,04,15,31.600
2015,04,16,31.100
2015,04,17,31.400
2015,04,18,31.500
2015,04,19,29.800
2015,04,20,31.900
2015,04,21,31.800
2015,04,22,29.800
2015,04,23,29.600
2015,04,24,31.800
2015,04,25,31.600
2015,04,26,31.900
2015,04,27,31.400
2015,04,28,30.000
2015,04,29,31.500
2015,04,30,
2015,05,01,
2015,05,02,
2015,05,03,
2015,05,04,31.900
2015,05,05,32.400
2015,05,06,31.600
2015,05,07,31.700
2015,05,08,31.400
2015,05,09,31.300
2015,05,10,31.700
2015,05,11,31.700
2015,05,12,32.000
2015,05,13,31.700
2015,05,14,32.000
2015,05,15,
2015,05,16,31.900
2015,05,17,31.800
2015,05,18,32.000
2015,05,19,32.400
2015,05,20,
2015,05,21,32.400
2015,05,22,31.600
2015,05,23,31.400
2015,05,24,31.600
2015,05,25,29.600
2015,05,26,31.300
2015,05,27,31.000
2015,05,28,31.200
2015,05,29,31.600
2015,05,30,31.000
2015,05,31,31.900
2015,06,01,31.000
2015,06,02,31.800
2015,06,03,30.200
2015,06,04,31.900
2015,06,05,30.800
2015,06,06,31.800
2015,06,07,30.000
2015,06,08,30.200
2015,06,09,31.100
2015,06,10,31.500
2015,06,11,31.200
2015,06,12,30.900
2015,06,13,30.600
2015,06,14,31.600
2015,06,15,31.000
2015,06,16,31.400
2015,06,17,31.000
2015,06,18,30.700
2015,06,19,31.100
2015,06,20,30.800
2015,06,21,30.700
2015,06,22,29.200
2015,06,23,30.600
2015,06,24,30.400
2015,06,25,31.000
2015,06,26,
2015,06,27,31.700
2015,06,28,30.600
2015,06,29,30.200
2015,06,30,30.400
2015,07,01,31.600
2015,07,02,29.800
2015,07,03,29.600
2015,07,04,
2015,07,05,30.900
2015,07,06,31.700
2015,07,07,29.800
2015,07,08,30.700
2015,07,09,30.500
2015,07,10,30.800
2015,07,11,31.400
2015,07,12,31.000
2015,07,13,30.600
2015,07,14,31.600
2015,07,15,29.600
2015,07,16,29.400
2015,07,17,30.200
2015,07,18,31.000
2015,07,19,29.900
2015,07,20,
2015,07,21,
2015,07,22,
2015,07,23,30.600
2015,07,24,30.200
2015,07,25,30.600
2015,07,26,29.900
2015,07,27,30.200
2015,07,28,30.600
2015,07,29,30.900
2015,07,30,30.100
2015,07,31,32.000
2015,08,01,30.600
2015,08,02,30.800
2015,08,03,31.100
2015,08,04,30.900
2015,08,05,31.400
2015,08,06,30.600
2015,08,07,31.800
2015,08,08,31.800
2015,08,09,31.000
2015,08,10,30.500
2015,08,11,31.200
2015,08,12,32.000
2015,08,13,31.500
2015,08,14,31.200
2015,08,15,31.400
2015,08,16,31.500
2015,08,17,30.400
2015,08,18,30.300
2015,08,19,30.400
2015,08,20,31.600
2015,08,21,30.100
2015,08,22,30.700
2015,08,23,30.000
2015,08,24,30.800
2015,08,25,30.700
2015,08,26,30.600
2015,08,27,30.300
2015,08,28,30.900
2015,08,29,31.200
2015,08,30,31.300
2015,08,31,31.200
2015,09,01,29.700
2015,09,02,30.500
2015,09,03,30.700
2015,09,04,31.200
2015,09,05,30.200
2015,09,06,31.000
2015,09,07,31.000
2015,09,08,30.800
2015,09,09,32.000
2015,09,10,32.200
2015,09,11,31.300
2015,09,12,30.300
2015,09,13,30.600
2015,09,14,31.500
2015,09,15,32.000
2015,09,16,31.400
2015,09,17,31.200
2015,09,18,31.500
2015,09,19,30.800
2015,09,20,30.900
2015,09,21,31.100
2015,09,22,31.200
2015,09,23,31.700
2015,09,24,31.500
2015,09,25,31.400
2015,09,26,31.400
2015,09,27,31.700
2015,09,28,31.200
2015,09,29,31.600
2015,09,30,31.300
2015,10,01,32.300
2015,10,02,31.700
2015,10,03,31.400
2015,10,04,31.400
2015,10,05,32.200
2015,10,06,31.900
2015,10,07,31.000
2015,10,08,31.400
2015,10,09,31.100
2015,10,10,31.400
2015,10,11,31.900
2015,10,12,
2015,10,13,32.600
2015,10,14,32.400
2015,10,15,
2015,10,16,31.800
2015,10,17,32.100
2015,10,18,32.400
2015,10,19,31.600
2015,10,20,31.900
2015,10,21,31.700
2015,10,22,31.600
2015,10,23,31.500
2015,10,24,31.800
2015,10,25,32.400
2015,10,26,
2015,10,27,
2015,10,28,
2015,10,29,31.400
2015,10,30,31.100
2015,10,31,31.600
2015,11,01,31.600
2015,11,02,32.500
2015,11,03,
2015,11,04,32.500
2015,11,05,32.400
2015,11,06,32.200
2015,11,07,31.900
2015,11,08,31.800
2015,11,09,32.600
2015,11,10,31.800
2015,11,11,31.900
2015,11,12,31.600
2015,11,13,31.900
2015,11,14,32.400
2015,11,15,32.600
2015,11,16,31.800
2015,11,17,32.500
2015,11,18,32.400
2015,11,19,32.800
2015,11,20,32.700
2015,11,21,32.800
2015,11,22,32.600
2015,11,23,32.600
2015,11,24,
2015,11,25,32.400
2015,11,26,
2015,11,27,32.600
2015,11,28,
2015,11,29,32.800
2015,11,30,32.700
2015,12,01,32.800
2015,12,02,33.000
2015,12,03,32.200
2015,12,04,32.600
2015,12,05,32.600
2015,12,06,32.900
2015,12,07,32.700
2015,12,08,
2015,12,09,32.200
2015,12,10,32.400
2015,12,11,32.700
2015,12,12,33.100
2015,12,13,32.800
2015,12,14,32.500
2015,12,15,32.900
2015,12,16,30.600
2015,12,17,31.900
2015,12,18,32.500
2015,12,19,31.900
2015,12,20,32.400
2015,12,21,32.100
2015,12,22,33.000
2015,12,23,30.700
2015,12,24,32.400
2015,12,25,32.100
2015,12,26,31.900
2015,12,27,30.500
2015,12,28,33.300
2015,12,29,32.800
2015,12,30,32.200
2015,12,31,31.400
2016,01,01,32.100
2016,01,02,32.600
2016,01,03,32.200
2016,01,04,32.400
2016,01,05,32.300
2016,01,06,30.400
2016,01,07,30.700
2016,01,08,29.800
2016,01,09,31.500
2016,01,10,31.600
2016,01,11,31.900
2016,01,12,31.600
2016,01,13,30.300
2016,01,14,32.000
2016,01,15,32.300
2016,01,16,31.600
2016,01,17,31.500
2016,01,18,29.200
2016,01,19,31.400
2016,01,20,
2016,01,21,31.000
2016,01,22,31.000
2016,01,23,31.700
2016,01,24,31.000
2016,01,25,
2016,01,26,
2016,01,27,
2016,01,28,30.500
2016,01,29,31.500
2016,01,30,30.800
2016,01,31,
2016,02,01,29.200
2016,02,02,28.800
2016,02,03,31.300
2016,02,04,31.700
2016,02,05,32.500
2016,02,06,31.600
2016,02,07,30.600
2016,02,08,31.600
2016,02,09,31.900
2016,02,10,31.700
2016,02,11,32.200
2016,02,12,31.900
2016,02,13,32.000
2016,02,14,31.600
2016,02,15,32.700
2016,02,16,32.900
2016,02,17,30.400
2016,02,18,31.300
2016,02,19,
2016,02,20,31.600
2016,02,21,31.800
2016,02,22,29.900
2016,02,23,32.500
2016,02,24,32.200
2016,02,25,32.000
2016,02,26,32.700
2016,02,27,31.400
2016,02,28,32.000
2016,02,29,33.200
2016,03,01,
2016,03,02,32.700
2016,03,03,32.100
2016,03,04,32.400
2016,03,05,32.800
2016,03,06,33.000
2016,03,07,32.900
2016,03,08,31.800
2016,03,09,31.900
2016,03,10,32.700
2016,03,11,32.900
2016,03,12,32.000
2016,03,13,32.700
2016,03,14,31.700
2016,03,15,31.900
2016,03,16,30.200
2016,03,17,31.900
2016,03,18,32.100
2016,03,19,31.900
2016,03,20,32.000
2016,03,21,32.800
2016,03,22,32.100
2016,03,23,32.000
2016,03,24,31.800
2016,03,25,32.300
2016,03,26,32.500
2016,03,27,32.000
2016,03,28,31.600
2016,03,29,30.300
2016,03,30,31.000
2016,03,31,28.600
2016,04,01,
2016,04,02,
2016,04,03,30.200
2016,04,04,31.500
2016,04,05,32.000
2016,04,06,31.200
2016,04,07,30.900
2016,04,08,31.700
2016,04,09,31.800
2016,04,10,29.200
2016,04,11,32.000
2016,04,12,31.400
2016,04,13,32.300
2016,04,14,32.700
2016,04,15,32.000
2016,04,16,31.700
2016,04,17,30.200
2016,04,18,32.800
2016,04,19,32.900
2016,04,20,32.400
2016,04,21,29.100
2016,04,22,32.100
2016,04,23,32.600
2016,04,24,31.800
2016,04,25,32.200
2016,04,26,32.300
2016,04,27,32.200
2016,04,28,30.900
2016,04,29,32.100
2016,04,30,32.200
2016,05,01,31.600
2016,05,02,31.800
2016,05,03,31.600
2016,05,04,31.300
2016,05,05,31.600
2016,05,06,32.200
2016,05,07,
2016,05,08,30.800
2016,05,09,32.200
2016,05,10,29.500
2016,05,11,30.500
2016,05,12,31.400
2016,05,13,31.600
2016,05,14,31.400
2016,05,15,31.400
2016,05,16,31.500
2016,05,17,31.200
2016,05,18,31.000
2016,05,19,31.900
2016,05,20,31.400
2016,05,21,31.200
2016,05,22,31.300
2016,05,23,31.300
2016,05,24,31.400
2016,05,25,32.000
2016,05,26,31.300
2016,05,27,31.400
2016,05,28,31.700
2016,05,29,30.800
2016,05,30,30.200
2016,05,31,31.800
2016,06,01,31.600
2016,06,02,31.400
2016,06,03,31.700
2016,06,04,31.800
2016,06,05,31.400
2016,06,06,31.600
2016,06,07,31.500
2016,06,08,31.800
2016,06,09,31.500
2016,06,10,30.600
2016,06,11,31.400
2016,06,12,31.000
2016,06,13,31.400
2016,06,14,31.800
2016,06,15,
2016,06,16,31.800
2016,06,17,
2016,06,18,31.700
2016,06,19,31.800
2016,06,20,
2016,06,21,31.400
2016,06,22,
2016,06,23,31.800
2016,06,24,31.200
2016,06,25,
2016,06,26,31.600
2016,06,27,31.200
2016,06,28,
2016,06,29,
2016,06,30,31.900
2016,07,01,32.300
2016,07,02,
2016,07,03,31.600
2016,07,04,31.900
2016,07,05,28.800
2016,07,06,32.300
2016,07,07,31.400
2016,07,08,30.900
2016,07,09,30.900
2016,07,10,30.600
2016,07,11,
2016,07,12,
2016,07,13,
2016,07,14,
2016,07,15,
2016,07,16,31.500
2016,07,17,30.900
2016,07,18,31.400
2016,07,19,31.600
2016,07,20,
2016,07,21,30.500
2016,07,22,
2016,07,23,
2016,07,24,31.600
2016,07,25,
2016,07,26,32.200
2016,07,27,30.800
2016,07,28,
2016,07,29,
2016,07,30,32.200
2016,07,31,
2016,08,01,31.400
2016,08,02,
2016,08,03,32.500
2016,08,04,32.500
2016,08,05,32.100
2016,08,06,32.600
2016,08,07,31.400
2016,08,08,31.500
2016,08,09,31.700
2016,08,10,31.400
2016,08,11,30.800
2016,08,12,30.700
2016,08,13,30.900
2016,08,14,31.400
2016,08,15,31.800
2016,08,16,31.500
2016,08,17,30.300
2016,08,18,31.300
2016,08,19,31.500
2016,08,20,31.000
2016,08,21,31.500
2016,08,22,31.300
2016,08,23,32.500
2016,08,24,32.000
2016,08,25,
2016,08,26,31.000
2016,08,27,31.200
2016,08,28,31.400
2016,08,29,
2016,08,30,32.500
2016,08,31,32.400
2016,09,01,
2016,09,02,31.900
2016,09,03,32.200
2016,09,04,31.400
2016,09,05,31.500
2016,09,06,31.500
2016,09,07,30.700
2016,09,08,30.700
2016,09,09,32.200
2016,09,10,31.200
2016,09,11,32.000
2016,09,12,31.300
2016,09,13,32.600
2016,09,14,31.600
2016,09,15,32.100
2016,09,16,31.400
2016,09,17,30.900
2016,09,18,31.400
2016,09,19,31.700
2016,09,20,32.200
2016,09,21,31.700
2016,09,22,31.900
2016,09,23,31.800
2016,09,24,30.900
2016,09,25,31.600
2016,09,26,32.000
2016,09,27,32.300
2016,09,28,31.600
2016,09,29,32.600
2016,09,30,31.900
2016,10,01,32.000
2016,10,02,
2016,10,03,
2016,10,04,
2016,10,05,32.200
2016,10,06,31.900
2016,10,07,32.200
2016,10,08,32.600
2016,10,09,
2016,10,10,32.500
2016,10,11,32.600
2016,10,12,31.800
2016,10,13,32.600
2016,10,14,
2016,10,15,
2016,10,16,
2016,10,17,32.600
2016,10,18,31.900
2016,10,19,31.600
2016,10,20,32.600
2016,10,21,31.900
2016,10,22,32.500
2016,10,23,32.400
2016,10,24,31.900
2016,10,25,32.200
2016,10,26,32.000
2016,10,27,32.400
2016,10,28,32.200
2016,10,29,
2016,10,30,32.400
2016,10,31,
2016,11,01,32.800
2016,11,02,
2016,11,03,
2016,11,04,32.400
2016,11,05,32.700
2016,11,06,32.300
2016,11,07,32.400
2016,11,08,31.400
2016,11,09,32.200
2016,11,10,32.200
2016,11,11,32.400
2016,11,12,32.400
2016,11,13,32.000
2016,11,14,32.200
2016,11,15,30.600
2016,11,16,32.100
2016,11,17,32.600
2016,11,18,32.600
2016,11,19,
2016,11,20,32.700
2016,11,21,
2016,11,22,32.900
2016,11,23,32.600
2016,11,24,
2016,11,25,
2016,11,26,32.800
2016,11,27,32.700
2016,11,28,32.400
2016,11,29,32.400
2016,11,30,32.600
2016,12,01,33.000
2016,12,02,32.800
2016,12,03,32.800
2016,12,04,32.400
2016,12,05,32.800
2016,12,06,32.500
2016,12,07,32.800
2016,12,08,32.800
2016,12,09,32.900
2016,12,10,32.600
2016,12,11,32.700
2016,12,12,32.300
2016,12,13,32.000
2016,12,14,31.900
2016,12,15,31.100
2016,12,16,32.400
2016,12,17,30.000
2016,12,18,31.400
2016,12,19,33.000
2016,12,20,32.500
2016,12,21,32.500
2016,12,22,
2016,12,23,32.900
2016,12,24,32.400
2016,12,25,32.200
2016,12,26,33.100
2016,12,27,32.800
2016,12,28,30.200
2016,12,29,32.400
2016,12,30,32.100
2016,12,31,32.800
2017,01,01,32.300
2017,01,02,31.600
2017,01,03,31.000
2017,01,04,32.000
2017,01,05,32.900
2017,01,06,31.600
2017,01,07,29.900
2017,01,08,30.800
2017,01,09,31.600
2017,01,10,
2017,01,11,31.500
2017,01,12,31.400
2017,01,13,31.100
2017,01,14,30.400
2017,01,15,31.500
2017,01,16,32.000
2017,01,17,30.100
2017,01,18,30.600
2017,01,19,30.300
2017,01,20,31.800
2017,01,21,32.100
2017,01,22,32.100
2017,01,23,31.800
2017,01,24,31.800
2017,01,25,32.200
2017,01,26,31.200
2017,01,27,31.300
2017,01,28,31.300
2017,01,29,31.500
2017,01,30,31.200
2017,01,31,31.400
2017,02,01,31.900
2017,02,02,32.000
2017,02,03,33.000
2017,02,04,32.200
2017,02,05,32.500
2017,02,06,31.700
2017,02,07,33.000
2017,02,08,32.800
2017,02,09,32.800
2017,02,10,28.600
2017,02,11,29.400
2017,02,12,29.800
2017,02,13,32.100
2017,02,14,32.000
2017,02,15,32.200
2017,02,16,29.200
2017,02,17,29.800
2017,02,18,
2017,02,19,29.000
2017,02,20,30.800
2017,02,21,31.600
2017,02,22,32.200
2017,02,23,31.200
2017,02,24,31.900
2017,02,25,31.200
2017,02,26,28.800
2017,02,27,30.500
2017,02,28,30.600
2017,03,01,29.900
2017,03,02,30.000
2017,03,03,30.200
2017,03,04,29.900
2017,03,05,31.600
2017,03,06,32.100
2017,03,07,28.800
2017,03,08,28.600
2017,03,09,30.900
2017,03,10,30.300
2017,03,11,30.700
2017,03,12,29.300
2017,03,13,30.900
2017,03,14,31.800
2017,03,15,30.500
2017,03,16,31.300
2017,03,17,31.500
2017,03,18,30.900
2017,03,19,30.500
2017,03,20,31.200
2017,03,21,
2017,03,22,29.300
2017,03,23,
2017,03,24,31.300
2017,03,25,28.000
2017,03,26,30.700
2017,03,27,31.600
2017,03,28,32.000
2017,03,29,30.100
2017,03,30,31.400
2017,03,31,
2017,04,01,
2017,04,02,
2017,04,03,
2017,04,04,28.400
2017,04,05,32.200
2017,04,06,31.900
2017,04,07,31.900
2017,04,08,32.600
2017,04,09,29.800
2017,04,10,
2017,04,11,31.700
2017,04,12,29.200
2017,04,13,29.200
2017,04,14,31.900
2017,04,15,32.800
2017,04,16,32.400
2017,04,17,32.000
2017,04,18,31.000
2017,04,19,31.700
2017,04,20,31.400
2017,04,21,31.200
2017,04,22,30.900
2017,04,23,30.600
2017,04,24,31.800
2017,04,25,31.800
2017,04,26,30.600
2017,04,27,29.900
2017,04,28,31.400
2017,04,29,29.800
2017,04,30,31.500
2017,05,01,32.000
2017,05,02,32.000
2017,05,03,31.900
2017,05,04,31.700
2017,05,05,32.000
2017,05,06,31.500
2017,05,07,30.600
2017,05,08,29.400
2017,05,09,31.400
2017,05,10,32.000
2017,05,11,32.200
2017,05,12,31.700
2017,05,13,32.200
2017,05,14,31.600
2017,05,15,31.900
2017,05,16,32.400
2017,05,17,31.600
2017,05,18,31.000
2017,05,19,31.300
2017,05,20,31.800
2017,05,21,31.900
2017,05,22,32.300
2017,05,23,
2017,05,24,31.500
2017,05,25,31.600
2017,05,26,32.200
2017,05,27,28.700
2017,05,28,
2017,05,29,31.100
2017,05,30,30.500
2017,05,31,31.800
2017,06,01,31.900
2017,06,02,
2017,06,03,
2017,06,04,31.200
2017,06,05,31.900
2017,06,06,
2017,06,07,
2017,06,08,
2017,06,09,
2017,06,10,30.600
2017,06,11,31.000
2017,06,12,31.900
2017,06,13,31.400
2017,06,14,31.400
2017,06,15,30.400
2017,06,16,31.600
2017,06,17,31.700
2017,06,18,31.200
2017,06,19,31.400
2017,06,20,31.700
2017,06,21,
2017,06,22,31.400
2017,06,23,
2017,06,24,
2017,06,25,31.800
2017,06,26,31.400
2017,06,27,
2017,06,28,30.400
2017,06,29,28.600
2017,06,30,31.000
2017,07,01,31.300
2017,07,02,31.600
2017,07,03,32.000
2017,07,04,31.300
2017,07,05,29.700
2017,07,06,
2017,07,07,32.300
2017,07,08,
2017,07,09,31.400
2017,07,10,31.800
2017,07,11,31.600
2017,07,12,32.200
2017,07,13,
2017,07,14,31.600
2017,07,15,
2017,07,16,31.700
2017,07,17,30.000
2017,07,18,
2017,07,19,
2017,07,20,
2017,07,21,30.600
2017,07,22,30.500
2017,07,23,32.200
2017,07,24,32.000
2017,07,25,
2017,07,26,
2017,07,27,
2017,07,28,31.700
2017,07,29,31.800
2017,07,30,30.900
2017,07,31,31.700
2017,08,01,31.400
2017,08,02,31.900
2017,08,03,30.000
2017,08,04,30.600
2017,08,05,30.600
2017,08,06,31.400
2017,08,07,31.800
2017,08,08,32.600
2017,08,09,30.700
2017,08,10,30.500
2017,08,11,31.800
2017,08,12,32.700
2017,08,13,31.000
2017,08,14,30.200
2017,08,15,30.800
2017,08,16,31.800
2017,08,17,31.000
2017,08,18,30.700
2017,08,19,31.100
2017,08,20,32.000
2017,08,21,31.100
2017,08,22,
2017,08,23,32.000
2017,08,24,
2017,08,25,32.300
2017,08,26,
2017,08,27,31.700
2017,08,28,32.300
2017,08,29,32.200
2017,08,30,31.700
2017,08,31,31.700
2017,09,01,32.600
2017,09,02,32.700
2017,09,03,31.700
2017,09,04,31.700
2017,09,05,31.000
2017,09,06,31.800
2017,09,07,32.000
2017,09,08,
2017,09,09,
2017,09,10,32.500
2017,09,11,31.200
2017,09,12,32.200
2017,09,13,31.800
2017,09,14,
2017,09,15,32.000
2017,09,16,
2017,09,17,31.300
2017,09,18,31.600
2017,09,19,31.800
2017,09,20,31.900
2017,09,21,31.700
2017,09,22,32.400
2017,09,23,31.100
2017,09,24,31.300
2017,09,25,32.400
2017,09,26,
2017,09,27,31.800
2017,09,28,31.500
2017,09,29,31.900
2017,09,30,31.300
2017,10,01,32.400
2017,10,02,31.900
2017,10,03,32.500
2017,10,04,32.400
2017,10,05,
2017,10,06,
2017,10,07,31.500
2017,10,08,31.800
2017,10,09,31.200
2017,10,10,30.000
2017,10,11,
2017,10,12,32.000
2017,10,13,31.600
2017,10,14,29.900
2017,10,15,31.100
2017,10,16,31.400
2017,10,17,31.300
2017,10,18,31.800
2017,10,19,31.600
2017,10,20,32.100
2017,10,21,
2017,10,22,
2017,10,23,32.500
2017,10,24,
2017,10,25,
2017,10,26,
2017,10,27,32.400
2017,10,28,32.400
2017,10,29,31.500
2017,10,30,32.000
2017,10,31,
2017,11,01,31.900
2017,11,02,32.200
2017,11,03,32.600
2017,11,04,31.800
2017,11,05,31.500
2017,11,06,32.200
2017,11,07,32.100
2017,11,08,31.500
2017,11,09,30.800
2017,11,10,31.800
2017,11,11,32.200
2017,11,12,31.800
2017,11,13,31.900
2017,11,14,31.200
2017,11,15,31.800
2017,11,16,30.500
2017,11,17,31.300
2017,11,18,31.900
2017,11,19,32.000
2017,11,20,31.800
2017,11,21,31.700
2017,11,22,31.400
2017,11,23,31.200
2017,11,24,31.800
2017,11,25,31.900
2017,11,26,32.200
2017,11,27,31.600
2017,11,28,31.800
2017,11,29,32.100
2017,11,30,31.800
2017,12,01,31.800
2017,12,02,32.800
2017,12,03,32.800
2017,12,04,33.500
2017,12,05,33.500
2017,12,06,
2017,12,07,
2017,12,08,
2017,12,09,32.200
2017,12,10,32.700
2017,12,11,32.700
2017,12,12,32.400
2017,12,13,32.400
2017,12,14,32.200
2017,12,15,32.000
2017,12,16,32.300
2017,12,17,32.400
2017,12,18,32.400
2017,12,19,32.000
2017,12,20,31.400
2017,12,21,31.400
2017,12,22,30.600
2017,12,23,31.700
2017,12,24,31.700
2017,12,25,31.600
2017,12,26,31.900
2017,12,27,31.900
2017,12,28,32.400
2017,12,29,32.400
2017,12,30,32.700
2017,12,31,33.200
2018,01,01,33.200
2018,01,02,33.000
2018,01,03,32.600
2018,01,04,32.600
2018,01,05,32.400
2018,01,06,32.400
2018,01,07,32.300
2018,01,08,32.200
2018,01,09,30.100
2018,01,10,31.700
2018,01,11,32.200
2018,01,12,32.200
2018,01,13,31.700
2018,01,14,33.000
2018,01,15,33.000
2018,01,16,32.900
2018,01,17,32.900
2018,01,18,31.400
2018,01,19,31.600
2018,01,20,31.900
2018,01,21,31.900
2018,01,22,31.600
2018,01,23,30.400
2018,01,24,30.900
2018,01,25,31.400
2018,01,26,31.400
2018,01,27,30.000
2018,01,28,31.000
2018,01,29,31.500
2018,01,30,32.500
2018,01,31,32.500
2018,02,01,31.900
2018,02,02,31.600
2018,02,03,31.900
2018,02,04,31.900
2018,02,05,30.600
2018,02,06,31.500
2018,02,07,31.500
2018,02,08,31.100
2018,02,09,31.100
2018,02,10,30.900
2018,02,11,30.500
2018,02,12,30.300
2018,02,13,30.300
2018,02,14,30.000
2018,02,15,
2018,02,16,
2018,02,17,
2018,02,18,
2018,02,19,30.700
2018,02,20,31.200
2018,02,21,31.200
2018,02,22,30.600
2018,02,23,31.000
2018,02,24,31.000
2018,02,25,32.400
2018,02,26,32.400
2018,02,27,31.800
2018,02,28,31.800
2018,03,01,30.800
2018,03,02,31.400
2018,03,03,31.700
2018,03,04,31.700
2018,03,05,32.400
2018,03,06,32.400
2018,03,07,32.000
2018,03,08,32.600
2018,03,09,32.600
2018,03,10,31.600
2018,03,11,31.700
2018,03,12,31.800
2018,03,13,31.900
2018,03,14,31.900
2018,03,15,32.000
2018,03,16,32.100
2018,03,17,32.100
2018,03,18,32.400
2018,03,19,32.400
2018,03,20,32.600
2018,03,21,32.600
2018,03,22,31.700
2018,03,23,32.000
2018,03,24,32.400
2018,03,25,32.400
2018,03,26,30.700
2018,03,27,30.700
2018,03,28,29.300
2018,03,29,29.300
2018,03,30,29.900
2018,03,31,31.400
2018,04,01,31.400
2018,04,02,
2018,04,03,
2018,04,04,
2018,04,05,
2018,04,06,31.800
2018,04,07,31.800
2018,04,08,30.900
2018,04,09,30.900
2018,04,10,30.400
2018,04,11,30.300
2018,04,12,31.400
2018,04,13,32.100
2018,04,14,32.100
2018,04,15,31.200
2018,04,16,29.900
2018,04,17,31.600
2018,04,18,32.000
2018,04,19,32.000
2018,04,20,31.900
2018,04,21,32.000
2018,04,22,
2018,04,23,
2018,04,24,
2018,04,25,
2018,04,26,
2018,04,27,
2018,04,28,
2018,04,29,31.700
2018,04,30,31.600
2018,05,01,31.600
2018,05,02,31.400
2018,05,03,32.000
2018,05,04,32.000
2018,05,05,31.700
2018,05,06,30.200
2018,05,07,31.700
2018,05,08,31.700
2018,05,09,29.900
2018,05,10,31.400
2018,05,11,31.500
2018,05,12,31.500
2018,05,13,31.300
2018,05,14,31.300
2018,05,15,
2018,05,16,
2018,05,17,31.400
2018,05,18,31.400
2018,05,19,31.900
2018,05,20,31.900
2018,05,21,31.200
2018,05,22,31.600
2018,05,23,31.600
2018,05,24,31.900
2018,05,25,31.900
2018,05,26,32.100
2018,05,27,31.300
2018,05,28,31.800
2018,05,29,32.200
2018,05,30,31.000
2018,05,31,31.000
2018,06,01,31.400
2018,06,02,30.300
2018,06,03,30.700
2018,06,04,
2018,06,05,
2018,06,06,
2018,06,07,30.500
2018,06,08,31.000
2018,06,09,31.000
2018,06,10,31.200
2018,06,11,31.200
2018,06,12,31.700
2018,06,13,31.700
2018,06,14,31.500
2018,06,15,31.500
2018,06,16,30.600
2018,06,17,30.600
2018,06,18,30.400
2018,06,19,30.500
2018,06,20,30.900
2018,06,21,30.900
2018,06,22,31.200
2018,06,23,31.400
2018,06,24,31.600
2018,06,25,31.600
2018,06,26,31.200
2018,06,27,31.700
2018,06,28,31.700
2018,06,29,32.000
2018,06,30,32.000
2018,07,01,31.800
2018,07,02,31.200
2018,07,03,
2018,07,04,31.800
2018,07,05,31.800
2018,07,06,29.400
2018,07,07,31.200
2018,07,08,32.000
2018,07,09,32.000
2018,07,10,29.600
2018,07,11,29.800
2018,07,12,
2018,07,13,30.800
2018,07,14,30.800
2018,07,15,31.400
2018,07,16,31.400
2018,07,17,32.400
2018,07,18,32.400
2018,07,19,30.900
2018,07,20,31.100
2018,07,21,31.200
2018,07,22,31.900
2018,07,23,31.900
2018,07,24,31.400
2018,07,25,31.800
2018,07,26,32.000
2018,07,27,32.000
2018,07,28,31.200
2018,07,29,30.600
2018,07,30,30.200
2018,07,31,
2018,08,01,
2018,08,02,
2018,08,03,29.500
2018,08,04,31.000
2018,08,05,30.400
2018,08,06,30.500
2018,08,07,30.200
2018,08,08,30.600
2018,08,09,30.700
2018,08,10,30.400
2018,08,11,30.800
2018,08,12,30.900
2018,08,13,30.800
2018,08,14,30.600
2018,08,15,30.500
2018,08,16,31.800
2018,08,17,32.000
2018,08,18,31.900
2018,08,19,30.800
2018,08,20,32.400
2018,08,21,32.000
2018,08,22,32.000
2018,08,23,32.400
2018,08,24,31.900
2018,08,25,31.600
2018,08,26,32.400
2018,08,27,32.000
2018,08,28,31.300
2018,08,29,32.700
2018,08,30,33.000
2018,08,31,
2018,09,01,31.400
2018,09,02,30.700
2018,09,03,32.700
2018,09,04,31.400
2018,09,05,29.900
2018,09,06,31.300
2018,09,07,31.800
2018,09,08,32.900
2018,09,09,31.400
2018,09,10,33.000
2018,09,11,31.000
2018,09,12,30.800
2018,09,13,32.600
2018,09,14,30.900
2018,09,15,32.300
2018,09,16,32.400
2018,09,17,31.900
2018,09,18,31.900
2018,09,19,32.800
2018,09,20,31.800
2018,09,21,32.100
2018,09,22,32.000
2018,09,23,32.400
2018,09,24,32.900
2018,09,25,31.800
2018,09,26,31.000
2018,09,27,31.700
2018,09,28,32.400
2018,09,29,32.500
2018,09,30,31.800
2018,10,01,31.400
2018,10,02,31.400
2018,10,03,31.900
2018,10,04,31.600
2018,10,05,
