F_0,M_0,O_0,dia
45.50425626666667,33.54741513828238,0.0,2014-12-16
39.52467680311891,27.776983441558443,0.0,2014-12-17
30.524928779069764,31.035541082802556,39.315308333333334,2014-12-18
31.301019238683125,29.460788003933136,51.760216666666665,2014-12-19
42.127635833333336,36.18553028391167,43.534545833333326,2014-12-20
52.0590407635468,46.876603194180895,35.22335833333333,2014-12-21
35.85258379629629,31.800101674836604,0.0,2014-12-22
35.79425978593272,34.83871283292978,0.0,2014-12-23
57.77674236111111,42.74105353302612,67.14545000000001,2014-12-24
61.431590364583336,58.93950960679177,493.82666666666665,2014-12-25
40.9908809912854,36.843312877192986,29.713961111111114,2014-12-26
37.799373546511625,35.495263759213756,0.0,2014-12-27
60.28548409722223,52.41555363475178,37.461244444444446,2014-12-28
42.54123762983947,40.0415871643746,39.01566666666667,2014-12-29
40.78458181341719,36.535064588329334,19.885270000000002,2014-12-30
49.08443149224807,46.95050352011494,0.0,2014-12-31
45.528630521262,53.71052293187348,39.02416666666666,2015-01-01
51.28863338744589,38.559875331858414,0.0,2015-01-02
45.06345481770833,36.50982662889518,0.0,2015-01-03
63.9776245818399,54.82216327536232,0.0,2015-01-04
42.44936109452736,31.965802788978493,54.561877777777774,2015-01-05
40.36629537996546,34.86892595785441,43.038091666666666,2015-01-06
47.33870469208211,35.72754615112995,0.0,2015-01-07
39.98451126943005,30.09971905228758,0.0,2015-01-08
39.51676009933775,30.415064722222223,28.72886666666667,2015-01-09
42.532818229166665,39.88061013468013,19.927833333333332,2015-01-10
61.757007971014495,54.282334724919096,40.56966666666667,2015-01-11
39.61742465181058,34.67637807017544,39.354079999999996,2015-01-12
38.962046083333334,33.95650197201017,28.564383333333332,2015-01-13
41.47982282608695,35.818155673758866,40.95104333333334,2015-01-14
39.17176533149171,30.263863665254238,29.31391111111111,2015-01-15
41.21381504854369,35.222992129629624,65.86960833333333,2015-01-16
43.698742587476985,39.946139311957246,45.803650000000005,2015-01-17
59.321687887989206,59.04933529222864,81.82988333333333,2015-01-18
39.01298640226629,28.345395266666667,40.28326666666667,2015-01-19
37.23330621536026,30.950355271176115,25.496337500000003,2015-01-20
36.98356328056288,28.30573094729345,53.91583333333333,2015-01-21
36.684583509700175,28.19380256916996,26.579054166666666,2015-01-22
43.34268110403397,32.92979117021277,0.0,2015-01-23
41.34486735930736,41.28826503968254,0.0,2015-01-24
61.34271603078982,60.757660465116274,82.69085833333334,2015-01-25
38.172953770949725,31.85198507014028,16.58945,2015-01-26
38.57156408888889,30.444143505632866,24.503833333333333,2015-01-27
49.3812501826484,31.782884311868685,33.193333333333335,2015-01-28
34.66618762541806,29.115138337012507,51.75331111111112,2015-01-29
37.182335205314004,30.99769620071685,34.92684666666666,2015-01-30
41.44515526315789,37.21550117924528,60.032,2015-01-31
59.36733990857946,54.38296485580147,50.84663333333333,2015-02-01
32.11606164021164,26.730252488687782,0.0,2015-02-02
31.827120989583328,27.156561900065746,53.899,2015-02-03
34.217796158192094,33.32169652623799,24.773361111111114,2015-02-04
30.459847124183007,24.473721901462664,12.59375,2015-02-05
30.46496264737407,25.605278329393222,35.621766666666666,2015-02-06
43.43233037323038,37.64667829554996,35.63492777777777,2015-02-07
58.33569861673415,55.8500358496732,79.00705,2015-02-08
32.127729183673466,30.39841094727435,19.287388888888888,2015-02-09
35.83096,27.25647760416667,0.0,2015-02-10
44.519211744022506,30.774975523560208,0.0,2015-02-11
30.08288733974359,26.18044610328639,0.0,2015-02-12
43.17786502590673,27.912675088967973,0.0,2015-02-13
51.649323061224486,59.44866681818182,61.96338333333333,2015-02-14
53.21844964646464,49.61233653238547,89.18616666666667,2015-02-15
49.76437519157088,43.00484918173988,87.00588333333333,2015-02-16
49.65403562753036,44.697174879227056,0.0,2015-02-17
41.94268068965518,36.39843544905009,23.082333333333334,2015-02-18
33.66162700854701,27.843770568400775,0.0,2015-02-19
31.47171454248366,29.71233351351351,0.0,2015-02-20
52.976488559322036,41.46641832229581,0.0,2015-02-21
60.87776074270557,50.685431893004115,0.0,2015-02-22
38.316570250896056,29.71393129032258,0.0,2015-02-23
33.169119061876245,31.4780517495396,0.0,2015-02-24
36.54677278106509,30.851271558441553,47.15145,2015-02-25
32.23003471582181,22.245819088937093,0.0,2015-02-26
41.70544954128441,24.612621243325705,0.0,2015-02-27
42.069716796875,41.43040693641618,0.0,2015-02-28
60.68024949584815,57.73917005119454,100.91283333333334,2015-03-01
31.51152739273928,27.855610349127186,0.0,2015-03-02
34.21836437198067,33.792773074369194,0.0,2015-03-03
32.18458792517007,25.48774512195122,0.0,2015-03-04
28.23378886925795,25.061407615480647,0.0,2015-03-05
31.128712857142858,22.872083333333332,0.0,2015-03-06
37.27079613095238,31.165713690476192,0.0,2015-03-07
58.811780595482546,55.800018360433604,0.0,2015-03-08
31.449058974358977,19.961587663230244,0.0,2015-03-09
36.61048518518519,25.807382245024876,0.0,2015-03-10
37.17046984346225,23.721365958605666,0.0,2015-03-11
33.84869510135135,23.83033680336488,0.0,2015-03-12
34.96175486542443,27.364866713814244,0.0,2015-03-13
37.93158491512346,34.03136672176309,37.21749166666667,2015-03-14
54.88425176282052,47.06269999999999,15.828866666666666,2015-03-15
26.482678296988574,23.865062807276303,0.0,2015-03-16
30.68998449074074,23.1831168699187,0.0,2015-03-17
31.416518444995862,24.152030579096042,0.0,2015-03-18
48.240233577633006,38.14124170022371,28.35652380952381,2015-03-19
34.469795741195746,26.351228432700992,52.73655,2015-03-20
42.36665395136778,32.19719836309525,45.318,2015-03-21
55.27914808016878,48.11755446680791,42.768521428571425,2015-03-22
33.368392786738355,26.807769946699466,0.0,2015-03-23
32.70643665884194,27.607985570724306,0.0,2015-03-24
50.67040325564188,43.77673237965486,58.40542222222223,2015-03-25
27.973527682403432,26.360213255977495,42.9474,2015-03-26
29.745391788448153,25.133333762376235,44.6565125,2015-03-27
41.34157837423313,33.89182140819965,34.108016666666664,2015-03-28
52.85517608386638,49.0225138018018,26.85033333333333,2015-03-29
35.97094933333333,25.114737188339088,0.0,2015-03-30
31.57845325925926,28.741442788461544,55.38872083333333,2015-03-31
29.691596172581768,22.8381364800759,25.629405555555554,2015-04-01
34.11942353308365,29.936053284258207,41.55569583333333,2015-04-02
47.7439721723966,41.03585313131313,38.76028055555556,2015-04-03
44.287467134685386,37.51261756808592,36.20800833333334,2015-04-04
54.00527042949449,47.576031726694914,27.309479166666666,2015-04-05
31.272600094517962,24.341138603055818,0.0,2015-04-06
32.25523535694211,26.787238334742177,90.28116666666666,2015-04-07
28.37909090121317,25.336398191430163,24.0379,2015-04-08
28.93386946902655,25.365648423876593,12.466216666666666,2015-04-09
33.13120120087336,26.353178066971083,0.0,2015-04-10
43.109658799019606,33.67251110041707,25.27362777777778,2015-04-11
57.33988351688693,51.41897619273302,29.468474999999998,2015-04-12
32.65591615323854,30.10425281602003,75.47183333333334,2015-04-13
30.801227805695145,28.04769117410535,68.09538333333333,2015-04-14
33.58857560073937,25.598215464895635,39.10243333333333,2015-04-15
29.05707943317733,27.23912313432836,24.201616666666666,2015-04-16
31.334103468697126,24.9554576663972,21.2685,2015-04-17
37.782653741496596,32.06301991322561,23.134475000000002,2015-04-18
58.476615151515155,49.80957993026499,94.98704166666666,2015-04-19
35.070657553366175,27.975592150170648,39.27238333333333,2015-04-20
47.643787166195416,42.716576896086366,65.81783958333332,2015-04-21
26.171355340848095,23.289260401995303,16.14595,2015-04-22
29.635778580858084,28.095990709570955,24.000129166666667,2015-04-23
31.34513500837521,27.66441472545757,0.0,2015-04-24
47.062177754532776,39.1332715034965,46.929249999999996,2015-04-25
53.62008184786157,51.423034038883664,54.82043958333334,2015-04-26
28.95847329842932,26.463596794313897,29.962333333333333,2015-04-27
28.690634039087946,24.199375669515668,46.032466666666664,2015-04-28
27.707160062893085,26.00008361013986,62.59271666666667,2015-04-29
31.16964196372733,27.472319284467716,55.29805555555556,2015-04-30
49.328272809773125,47.646314452423695,42.035808333333335,2015-05-01
38.01376671724836,34.13363923679061,66.82761041666666,2015-05-02
54.77062443967573,49.639127696969695,44.631525,2015-05-03
29.51574650447428,24.682051988636363,45.450500000000005,2015-05-04
30.979847710776102,23.590643221553453,0.0,2015-05-05
29.61360162074554,25.49059199172577,49.882666666666665,2015-05-06
33.18479844756883,25.461391045454544,0.0,2015-05-07
29.759185299625468,25.91948842788597,0.0,2015-05-08
37.150640390390386,31.866737590975255,0.0,2015-05-09
50.99110650474595,41.71508186392915,36.330888888888886,2015-05-10
28.400935339506173,26.184559775214435,0.0,2015-05-11
32.35925214521452,27.092144606999426,0.0,2015-05-12
33.888126438492066,30.30979451515151,7.563716666666667,2015-05-13
34.86335100651273,26.808398262548263,0.0,2015-05-14
34.698640684713375,25.348344236229416,0.0,2015-05-15
39.025065368639666,30.641077554027504,43.94023333333333,2015-05-16
53.678873229613735,47.12106171899778,41.18293611111111,2015-05-17
31.142772797527048,23.557605384615385,0.0,2015-05-18
29.087881657223797,23.08138546904569,17.1352,2015-05-19
29.069637733142034,24.29066190266784,36.321891666666666,2015-05-20
31.213006971153845,27.520701905990254,26.751633333333334,2015-05-21
31.885199720357946,27.552681628264207,35.04905,2015-05-22
41.98416849002849,32.918043092783506,0.0,2015-05-23
52.01149332019272,44.544611841599384,8.6645,2015-05-24
31.22674058219178,26.278992102759275,0.0,2015-05-25
26.16465474112856,22.193603035935563,28.260277777777777,2015-05-26
27.680843690095845,23.13154927849928,72.16505000000001,2015-05-27
27.19894268219833,23.17780108108108,41.71149583333333,2015-05-28
33.15287551085568,24.97877287641828,35.28695,2015-05-29
36.80947289473684,32.649075350593314,29.142179166666665,2015-05-30
52.140658440937344,45.783261449115045,80.30592333333334,2015-05-31
27.389214757575754,22.937771696069326,32.607373333333335,2015-06-01
27.74412865546218,23.462297709190672,56.63847777777778,2015-06-02
31.168704600853136,24.765236549192366,15.488666666666667,2015-06-03
48.61240018372703,39.850150981481484,46.11587916666667,2015-06-04
33.942906334688345,23.649124984365223,13.177333333333333,2015-06-05
39.95393354661792,29.165954916476842,69.73258333333334,2015-06-06
56.050568319559225,47.76324898203593,73.74107222222223,2015-06-07
28.081397458172457,23.588700195503424,0.0,2015-06-08
28.39590557441992,23.55205334155026,0.0,2015-06-09
33.63135567307692,26.470355375375377,0.0,2015-06-10
28.339534869739477,25.19762524302289,0.0,2015-06-11
27.25984453900709,23.412496432800474,0.0,2015-06-12
34.514701518087854,28.582992226292227,0.0,2015-06-13
51.475005172413795,44.21695756768753,75.52111666666667,2015-06-14
35.491671316526606,25.066499158091673,39.97421666666666,2015-06-15
32.8286811728395,25.637360518867922,46.56755,2015-06-16
30.040524310344832,23.540764442493415,0.0,2015-06-17
34.59803318940702,24.127345854847967,24.71852222222222,2015-06-18
31.158120109395114,25.39249558080808,0.0,2015-06-19
33.980621411625144,28.28900634735202,18.00595,2015-06-20
54.25960935590033,45.70571813246472,47.61416666666667,2015-06-21
31.589028692810462,25.503945774867475,0.0,2015-06-22
31.99828371028541,23.701874751048216,0.0,2015-06-23
30.33941547222222,23.8075512987013,0.0,2015-06-24
29.748806124721607,24.006239702319142,0.0,2015-06-25
30.203767275185935,23.916448368200836,0.0,2015-06-26
37.602420975783474,30.01683024475524,22.943766666666665,2015-06-27
57.41352960694231,45.56528425598744,32.54487916666666,2015-06-28
31.19725522988506,26.221425804093567,0.0,2015-06-29
32.33337497055359,26.514141074681238,45.08883333333333,2015-06-30
39.45859893378227,31.14343422337066,0.0,2015-07-01
31.620952341849147,30.022717652250662,22.771035714285716,2015-07-02
36.04602713675213,26.2186708461802,8.474205555555555,2015-07-03
37.247869686274505,28.7818018469657,46.79845,2015-07-04
51.3825811827957,38.422200877192985,34.43156666666667,2015-07-05
34.2605953015873,27.617708666017528,0.0,2015-07-06
30.637436677454154,26.296612317105613,48.51495,2015-07-07
37.59569569321534,28.23690886684701,0.0,2015-07-08
31.493505494168204,24.825468220463208,11.893058333333332,2015-07-09
37.065936134453786,31.27061641815772,9.434833333333334,2015-07-10
38.86298779342722,37.25473270478507,22.878,2015-07-11
56.591099881460416,46.19721157232704,82.82838333333332,2015-07-12
36.73612532051282,28.630162805662803,40.852066666666666,2015-07-13
32.41975399026764,26.841418824839877,40.69809444444444,2015-07-14
32.35906358520901,27.004485790508287,39.408883333333335,2015-07-15
31.866215978456015,24.333866587377102,45.661461111111116,2015-07-16
29.492089056457846,25.133703500397772,0.0,2015-07-17
47.10836759075908,31.366364803049553,26.902397619047623,2015-07-18
50.8762760307998,45.899297848152656,47.226083333333335,2015-07-19
34.521954292929294,29.877230620915032,18.585808333333333,2015-07-20
35.82083969907407,28.734287160025303,14.981066666666667,2015-07-21
31.637720347467614,30.700753087617198,61.10511666666667,2015-07-22
30.27422481884058,25.811216631871954,55.3569,2015-07-23
29.786095114942526,24.877150835840855,53.48311666666667,2015-07-24
36.328286785009865,33.16978075601374,38.33688333333333,2015-07-25
51.1883868466899,43.29599019734019,15.076055555555556,2015-07-26
32.931782112211216,27.01422988953866,10.87845,2015-07-27
31.09655134952766,27.56008071002199,0.0,2015-07-28
32.49376160337553,25.005509164420484,25.64309,2015-07-29
29.469335797905114,24.401380315194768,0.0,2015-07-30
33.7326692687747,25.732188320463315,0.0,2015-07-31
37.14400377296588,32.53027635402906,54.39551666666667,2015-08-01
55.83686171827565,48.43499750957854,74.65694166666665,2015-08-02
30.83925978723404,23.961644794794797,26.368783333333333,2015-08-03
25.95045928725702,24.01499801833777,0.0,2015-08-04
27.251647566235366,22.50169842303241,0.0,2015-08-05
30.057467189421892,24.95389282780411,0.0,2015-08-06
27.788580648769575,24.983125616994688,39.79716666666667,2015-08-07
33.229725688073394,28.795358298850573,27.35925625,2015-08-08
53.549923195229134,42.53141687384898,0.0,2015-08-09
28.11513587458746,23.182321813073056,0.0,2015-08-10
25.301668166666666,22.545002688172044,26.851166666666668,2015-08-11
29.159932276755285,23.552965183486236,28.047783333333335,2015-08-12
28.145190642076503,21.76549137826351,44.334833333333336,2015-08-13
27.46767715803453,23.268819302325582,0.0,2015-08-14
42.36410848733744,34.0636248513946,21.014112500000003,2015-08-15
53.346506677436736,53.17738881578946,22.866999999999997,2015-08-16
32.104303804797354,26.198600314465413,0.0,2015-08-17
31.040678099415207,25.822530025996535,0.0,2015-08-18
30.220422164048863,26.084476430068882,17.51195,2015-08-19
27.315909860050894,25.753838246376812,18.810283333333334,2015-08-20
26.682038397790052,23.485272119613015,103.96183333333333,2015-08-21
34.11725161411412,28.208002051282055,38.55059666666667,2015-08-22
54.38368438818565,47.638945337690636,38.76300833333333,2015-08-23
27.74142786998617,21.868655653382763,0.0,2015-08-24
29.976361574074076,22.026455237688587,25.34075,2015-08-25
25.374486091954022,24.13038468822844,9.336216666666667,2015-08-26
26.163102175303905,22.74695911524373,0.0,2015-08-27
28.97591183621241,26.95655627030539,0.0,2015-08-28
31.370606832543444,28.94188008547009,7.06445,2015-08-29
54.00240707317074,48.51996420700512,38.620333333333335,2015-08-30
69.63671067708334,120.97143482676223,4.4211,2015-08-31
55.67210657726693,41.35990562893082,55.20271666666667,2015-09-01
27.506815805243445,26.037555008460238,25.733674999999998,2015-09-02
30.294773529411763,23.671210015649454,62.39691666666667,2015-09-03
32.12686870175439,22.913165670103094,29.92503333333333,2015-09-04
33.74344984089101,30.98626902758298,121.257,2015-09-05
53.632342309711284,48.118278106373225,64.10987222222222,2015-09-06
48.201425986394554,40.13065966386555,37.247055555555555,2015-09-07
30.508099301587297,22.338131505060396,4.581333333333333,2015-09-08
27.40689123931624,26.768566106585197,14.304083333333335,2015-09-09
30.540041728167285,22.103111466910644,76.93523333333333,2015-09-10
29.990483062015507,25.237717975139024,47.3455,2015-09-11
34.01679882783883,25.53151073797678,76.09366666666666,2015-09-12
48.3657045,44.93702934362934,109.09716666666667,2015-09-13
27.541800719942405,21.12215537202381,0.0,2015-09-14
30.064193371574248,24.25953375034751,14.332641666666667,2015-09-15
27.596889317773787,22.566960642946317,0.0,2015-09-16
28.276893137254905,27.588656848030016,16.7230875,2015-09-17
27.505152260458836,23.602289014407333,37.10969166666667,2015-09-18
43.871560213776725,34.464352610441765,14.007583333333333,2015-09-19
53.164770389294404,45.08805622817229,0.0,2015-09-20
31.1718914556962,23.403659244399865,0.0,2015-09-21
29.730105182567726,21.925431405420508,10.563583333333334,2015-09-22
32.31525677378703,24.97613243159204,0.0,2015-09-23
28.629116281310214,22.63654585593731,36.79783333333334,2015-09-24
32.77853998553868,28.929745092975207,16.12392777777778,2015-09-25
41.596028973765435,39.37226185139062,22.28465,2015-09-26
57.96491714150048,51.11483353833539,25.2662,2015-09-27
26.56811024054983,22.52121734211415,40.75879444444445,2015-09-28
29.234407065584854,23.451306365313652,59.273047222222225,2015-09-29
27.409013009708737,24.062975621669626,28.530516666666664,2015-09-30
27.145364019607843,24.40769507354982,34.455420833333335,2015-10-01
31.609463877551022,24.072483808210784,22.294866666666667,2015-10-02
31.17355731707317,27.35452352441614,27.402302777777777,2015-10-03
60.64198913857678,48.313942092616855,56.15015,2015-10-04
26.251766902834007,21.802841233140658,55.462183333333336,2015-10-05
30.61715750841751,22.071900944244604,28.7345125,2015-10-06
36.9573036300505,33.30894968916519,22.222033333333332,2015-10-07
27.274749896907213,24.258970230607964,0.0,2015-10-08
39.549741016819574,26.773538820931023,56.78592916666666,2015-10-09
33.987775192802054,29.943531450094163,38.010266666666666,2015-10-10
49.95727365591398,43.723870393232744,22.689666666666668,2015-10-11
43.55738091263217,41.290775993676604,0.0,2015-10-12
27.520793313763864,25.453942539388322,23.215133333333334,2015-10-13
28.085664724919095,23.95323831845238,19.056873333333332,2015-10-14
36.44193652263374,24.593221747572816,11.385558333333334,2015-10-15
29.740771643745905,25.586613020344288,48.63433333333333,2015-10-16
36.14425493150684,27.105637057991515,0.0,2015-10-17
52.78713733448475,43.59330962913316,0.0,2015-10-18
31.10355997920998,26.44173446447508,5.225333333333333,2015-10-19
29.68809562146893,24.999037375948625,19.12395,2015-10-20
33.997647178988316,23.559450310945273,43.12671666666667,2015-10-21
29.55711506802721,22.58298209641611,96.72726666666667,2015-10-22
30.09446490514905,23.34914500475737,37.77795,2015-10-23
38.0208751948052,38.28779345645235,21.322025,2015-10-24
49.121349118316274,41.24954980569948,0.0,2015-10-25
26.541261815661816,25.42665162991371,0.0,2015-10-26
26.64233818737271,24.420352138254245,0.0,2015-10-27
31.41141812144212,21.78832691851852,20.3182,2015-10-28
28.437934970530456,23.974839206642066,0.0,2015-10-29
37.95074851132686,29.11553815748522,0.0,2015-10-30
37.48579045671438,33.65070328582739,27.743566666666666,2015-10-31
54.492897986369265,47.947533830171636,10.306591666666668,2015-11-01
45.358253421309875,40.20511830453564,0.0,2015-11-02
30.06729687677456,24.709527054398148,0.0,2015-11-03
26.936456,22.97364951495554,38.051383333333334,2015-11-04
27.534729380664654,23.75346923360354,0.0,2015-11-05
34.4423051884058,25.524551069730585,0.0,2015-11-06
41.14872268211921,30.09459157160963,20.297358333333335,2015-11-07
47.42210689910979,45.244917600732606,30.517166666666668,2015-11-08
27.394987438905183,24.952764820592822,28.752766666666666,2015-11-09
33.1090560947023,25.19344443296602,19.90814166666667,2015-11-10
30.572874890510953,26.49568034321373,0.0,2015-11-11
29.595201430429125,24.330869593285986,38.301383333333334,2015-11-12
29.236609665052463,24.76566466216216,0.0,2015-11-13
34.313644972347916,28.538555914441574,20.308775,2015-11-14
44.77688895705521,40.54696727302524,0.0,2015-11-15
26.6448852425876,24.86787112200436,12.089594444444444,2015-11-16
29.43864549878345,25.114804254190542,9.4515,2015-11-17
29.339274861995754,27.47363824572382,6.902383333333334,2015-11-18
32.839641894127375,23.41782057160804,0.0,2015-11-19
30.46190600441501,25.02507049180328,0.0,2015-11-20
32.49851778385773,30.521143732071142,20.744944444444442,2015-11-21
49.782876959459465,41.67652462394705,33.5635,2015-11-22
30.16691106286187,25.595998805749314,0.0,2015-11-23
28.78691783088235,25.931785180930497,46.28245,2015-11-24
29.34159091600152,25.01929795771757,45.922783333333335,2015-11-25
25.532688682071033,24.080895499707772,0.0,2015-11-26
28.045799500998,24.451645441237975,0.0,2015-11-27
36.038028352864586,26.15346686178862,0.0,2015-11-28
45.3335968159204,39.065085714285715,19.65755,2015-11-29
29.914242225262196,23.005748861944266,5.01,2015-11-30
30.535617082294262,24.842570261044177,0.0,2015-12-01
29.703626016260163,25.20118510841837,0.0,2015-12-02
26.24519419703104,24.376213574097136,0.0,2015-12-03
28.904221100917432,25.978284692982452,0.0,2015-12-04
31.33721885154062,27.15440654539801,54.95783333333333,2015-12-05
44.64367496136012,42.77884709259259,91.63521666666666,2015-12-06
28.440333928571427,24.35802975699221,0.0,2015-12-07
28.22085223097113,24.742591844863732,32.2815,2015-12-08
29.667277515067216,23.629772046746687,0.0,2015-12-09
27.491433019853712,24.17345734367971,0.0,2015-12-10
33.27345942906574,25.463287771676963,0.0,2015-12-11
31.856794096542725,29.163769878957172,18.630225,2015-12-12
42.25211523982999,37.998439984070096,0.0,2015-12-13
30.633300230061348,26.58594916855631,16.86466666666667,2015-12-14
33.52363798335781,26.440657346414387,0.0,2015-12-15
29.82801510948905,23.802067291666667,0.0,2015-12-16
26.471305388272583,22.417467054827753,10.204,2015-12-17
27.135972499999998,27.09057350462208,10.64425,2015-12-18
31.080440558103973,30.909895791433893,0.0,2015-12-19
44.804312868080096,38.76912844827586,57.47089166666666,2015-12-20
28.997080898550724,26.39599830708661,19.48905,2015-12-21
30.636717624521076,28.1267160111576,33.28771666666667,2015-12-22
31.393215402704296,27.29583273960984,0.0,2015-12-23
28.415086631944444,26.015240777777777,0.0,2015-12-24
46.5163005952381,44.92866653439153,38.670205555555555,2015-12-25
34.747662704918035,33.93453832116788,0.0,2015-12-26
48.358611764705884,43.6289876201461,100.72037222222222,2015-12-27
31.774131968641118,31.612173439949824,0.0,2015-12-28
36.570719909502266,28.466932187761945,66.59823333333334,2015-12-29
30.558351592719,27.82047356725146,54.241444444444454,2015-12-30
30.306820250284417,28.597038294573643,0.0,2015-12-31
39.993499337121214,35.84913401234568,33.65078333333334,2016-01-01
35.555002018093255,32.52671670630202,76.971475,2016-01-02
48.447181930126,43.52647727093207,67.25041666666667,2016-01-03
32.92098639747996,27.807047464062926,0.0,2016-01-04
30.143658808530365,25.57620857108023,30.35222222222222,2016-01-05
29.941108851795654,26.443721263537906,48.47891666666666,2016-01-06
34.59927264631043,27.78898187444739,40.942166666666665,2016-01-07
33.631322072072074,27.08128584551931,17.74288333333333,2016-01-08
35.763117960088685,33.93593904471545,0.0,2016-01-09
59.76957873210634,37.550498007889544,109.35019166666666,2016-01-10
30.993001777137373,26.006123529411763,45.006166666666665,2016-01-11
31.529067338129494,26.614848815822626,0.0,2016-01-12
33.621746913580246,36.55853774193549,0.0,2016-01-13
36.488979707876894,27.80817120717781,0.0,2016-01-14
35.65831294871795,29.915144263974245,6.696608333333334,2016-01-15
35.62257668918919,32.94557904874214,0.0,2016-01-16
47.71749022687609,45.16414300646143,0.0,2016-01-17
30.571534879145585,29.022263745173746,0.0,2016-01-18
37.8250823014384,30.213321136767316,0.0,2016-01-19
42.4645779830639,47.43922555135476,0.0,2016-01-20
36.109228012519566,38.82908266782407,0.0,2016-01-21
40.16170243261013,33.96539010072395,6.958166666666667,2016-01-22
38.579785294117656,31.253651414868102,0.0,2016-01-23
57.64253683712122,49.105214700704224,0.0,2016-01-24
35.56511558265583,32.29062959501558,0.0,2016-01-25
38.107991414141416,40.995063682060945,0.0,2016-01-26
33.90537523474178,27.206316328543252,148.05683333333334,2016-01-27
37.86838511235955,29.031910427574168,17.00633333333333,2016-01-28
32.30032955128205,26.944754327956993,21.23495,2016-01-29
34.929437490961675,29.66701368977673,38.856827777777774,2016-01-30
54.146797387785135,38.32473562858634,44.321783333333336,2016-01-31
41.5010322954823,47.228503983228514,11.22655,2016-02-01
27.545009722222222,27.2541832746995,7.332533333333333,2016-02-02
29.709301347117794,29.167538310580202,15.06816,2016-02-03
36.77465201583873,35.11883874538745,0.0,2016-02-04
33.91264597701149,32.68849726391495,31.393416666666667,2016-02-05
34.3389636277303,30.452241336502905,0.0,2016-02-06
47.30734896174863,35.134020356234096,92.19694166666667,2016-02-07
40.58263537313433,38.95758154761906,0.0,2016-02-08
40.23231147082334,32.890337340764326,82.07038333333334,2016-02-09
34.30276154684096,26.294501900108575,12.237,2016-02-10
37.31429384384384,32.16007556561085,12.069833333333333,2016-02-11
25.59784375886525,25.02101964495305,5.056116666666667,2016-02-12
31.941898721023176,28.981368843069873,0.0,2016-02-13
47.9538067251462,40.96717028885833,87.44295,2016-02-14
31.327427141828654,25.943270945359927,19.957825,2016-02-15
33.49613575215374,30.23101931818182,30.095666666666666,2016-02-16
35.296489014438166,24.20794848993289,0.0,2016-02-17
34.500213802622504,25.201002516309412,0.0,2016-02-18
26.50237359131025,27.99473342277877,0.0,2016-02-19
63.909232400497515,34.96714244482173,83.05133333333333,2016-02-20
51.394294593663915,44.65241106382979,125.48133333333334,2016-02-21
29.743129824561404,28.40754141509434,0.0,2016-02-22
37.17869419753087,24.51910098694683,4.61945,2016-02-23
34.679312951167724,24.768386787419264,11.005725,2016-02-24
30.913392180685353,26.429296945120303,52.116299999999995,2016-02-25
27.73334421433268,28.403111546272118,7.808783333333333,2016-02-26
36.40786604444445,29.073411056105613,23.657255555555555,2016-02-27
49.50499176424668,42.725793186582806,70.362775,2016-02-28
32.03254493991145,25.31609375669882,41.101333333333336,2016-02-29
27.869474387011262,23.238797012578615,0.0,2016-03-01
29.07475880681818,25.594502425474253,7.5449166666666665,2016-03-02
34.89071454861111,26.605834227711526,28.85807666666667,2016-03-03
34.59759373219373,28.31704388938448,0.0,2016-03-04
34.7566857605178,33.92686231105807,0.0,2016-03-05
45.82659633812457,40.36766021431829,0.0,2016-03-06
24.911325534851624,24.01518808275058,5.540233333333333,2016-03-07
31.271351163586584,26.404606326763783,0.0,2016-03-08
24.565132604735886,23.965231331665276,0.0,2016-03-09
33.21676017759563,26.832918923766815,190.987975,2016-03-10
34.45945990338165,35.028157407407406,6.2166,2016-03-11
45.65692022116904,40.359833419577406,42.795075,2016-03-12
54.62955033840947,45.53583372434018,0.0,2016-03-13
45.993828383604026,32.539671228070176,0.0,2016-03-14
32.64438056118999,29.7185031824417,0.0,2016-03-15
28.876153960709757,26.64483557823129,0.0,2016-03-16
33.438336892655364,32.63027059538274,42.74745,2016-03-17
32.43795456178161,27.97229919398907,0.0,2016-03-18
40.98718859649122,33.561224875,0.0,2016-03-19
49.14526819505094,41.98573408720457,46.17395,2016-03-20
32.88429951159951,24.891853891837254,0.0,2016-03-21
31.31314842657343,27.122980373947495,23.090666666666667,2016-03-22
34.58344366972477,23.431997083981337,50.138,2016-03-23
30.526498123123122,26.606887062088102,30.352933333333333,2016-03-24
40.09660800970873,36.739020966110274,29.656833333333335,2016-03-25
41.306793467933495,36.66723582899305,0.0,2016-03-26
47.777314453477864,47.403667509363295,0.0,2016-03-27
34.23974925997426,28.46960541107383,0.0,2016-03-28
31.765384143518517,24.53810502672011,0.0,2016-03-29
27.87639315403423,26.1704248015873,0.0,2016-03-30
38.45861212962963,37.600272597507036,0.0,2016-03-31
27.097706964285713,28.398743203680468,26.009616666666666,2016-04-01
32.38206413210445,36.45697678684377,0.0,2016-04-02
63.44644916201117,44.822302787068004,112.972,2016-04-03
28.155243830128203,25.575498521375764,0.0,2016-04-04
32.90614162660256,29.310700273487775,98.46783333333333,2016-04-05
30.81445859760395,25.445201936669495,101.78695,2016-04-06
29.500773614035086,25.55434895222129,99.15666666666667,2016-04-07
28.086796218206157,24.12194099552573,0.0,2016-04-08
34.768557322006465,35.26241123752495,0.0,2016-04-09
53.28763708240535,39.53195485264228,0.0,2016-04-10
28.5310901336478,25.90664053926206,0.0,2016-04-11
29.432942655875298,24.87519397689769,24.917,2016-04-12
30.237109116022094,30.253526073446327,0.0,2016-04-13
33.60050116504854,26.26361583405111,0.0,2016-04-14
31.186165784671534,24.409471536624203,0.0,2016-04-15
34.09999064748201,33.42688658293461,65.17445,2016-04-16
47.16245516956162,38.951756793893125,109.74838333333334,2016-04-17
31.452620336700335,25.315535066780335,0.0,2016-04-18
27.650448123620315,25.79687480305268,0.0,2016-04-19
32.51431666666667,29.557132944915253,0.0,2016-04-20
43.9643658997955,38.67678014018692,104.70722500000001,2016-04-21
30.865876530612244,33.26362587168758,0.0,2016-04-22
38.456721402214015,31.162243903688527,52.575116666666666,2016-04-23
47.48915140961857,44.238822350674376,54.747233333333334,2016-04-24
29.7780903803132,27.188897190728145,27.64494583333333,2016-04-25
30.88109183848797,27.83048767772512,0.0,2016-04-26
31.061892803638305,25.302626901004306,0.0,2016-04-27
32.79597676438654,32.02961597836775,0.0,2016-04-28
34.606955157232704,29.564415799943166,0.0,2016-04-29
38.27572598566309,32.55248409863946,0.0,2016-04-30
50.97469600665558,43.63122424916574,0.0,2016-05-01
27.428703446418954,25.82917604466859,0.0,2016-05-02
33.46965022075055,26.069633152566883,84.7446,2016-05-03
27.96534824691358,24.59233128813559,0.0,2016-05-04
29.051601717464926,24.730039587536428,40.250283333333336,2016-05-05
33.18257151799688,30.441081236962873,0.0,2016-05-06
35.38796453781513,30.251200898021306,0.0,2016-05-07
47.133203858625166,42.97036379380603,164.56606666666667,2016-05-08
31.95534116161616,26.660946955913225,0.0,2016-05-09
27.520426051560374,26.85457098577236,0.0,2016-05-10
29.488237272240085,28.108922417017297,0.0,2016-05-11
32.77012742296918,24.742251763252465,0.0,2016-05-12
29.96425993065874,27.29189021348552,20.725383333333333,2016-05-13
35.060490233722874,29.906068391787855,51.66485,2016-05-14
45.812882125246546,41.79098820681037,29.190833333333334,2016-05-15
29.56196643162393,25.49389686468647,56.81478333333333,2016-05-16
29.52929362745098,26.888734227507374,145.41671666666667,2016-05-17
31.20003415477735,27.190513133289844,0.0,2016-05-18
28.950380689509302,27.579017492625372,357.411,2016-05-19
34.3659743498818,31.33541414654808,39.14111666666667,2016-05-20
46.98013154380341,37.705430422125175,34.165233333333326,2016-05-21
46.01367037037036,40.39902148708255,57.89735833333333,2016-05-22
35.04768262505534,25.954686307189544,0.0,2016-05-23
32.60974525898079,25.907410965751964,0.0,2016-05-24
29.3366283446712,26.746468462878294,0.0,2016-05-25
45.2447098173516,42.362441284538505,0.0,2016-05-26
33.62397604617605,28.671863739545998,0.0,2016-05-27
38.023391705790296,33.4943403066271,14.525025,2016-05-28
49.04541255033557,44.49459305697714,82.10656666666667,2016-05-29
32.29453281397545,24.188806460549642,0.0,2016-05-30
36.74705722627737,31.90159022175041,85.12283333333333,2016-05-31
34.57992790697674,36.45896537089872,6.901883333333333,2016-06-01
48.492649122807016,44.86618932889218,38.478883333333336,2016-06-02
33.659413467492264,32.737687789266374,10.05655,2016-06-03
37.94106355371901,37.16588870056497,0.0,2016-06-04
53.03591344153141,43.07892341632088,0.0,2016-06-05
32.177856768837806,27.45856654345878,116.68321666666667,2016-06-06
31.641491008230453,29.310356473988442,4.27755,2016-06-07
34.07912622377622,29.32166155541562,70.67266666666666,2016-06-08
28.987922835352173,28.3929307055659,94.69361666666667,2016-06-09
35.100274823578246,32.19059586691465,10.5105,2016-06-10
38.28672498695879,32.05717371903153,0.0,2016-06-11
46.52780146520146,42.69018111566018,29.1925,2016-06-12
32.87024932170542,30.780131791143422,77.09972222222223,2016-06-13
29.41878633972191,26.322705383141763,32.42145,2016-06-14
29.80283922663358,28.841627510398098,25.2085,2016-06-15
32.444089384288745,26.560085414153598,47.75933333333333,2016-06-16
31.617178174097667,31.385814997900923,59.14686666666667,2016-06-17
40.79850581453634,31.711260335810625,41.083727777777774,2016-06-18
55.40314789729969,49.21309074242425,46.42468888888889,2016-06-19
32.87880275750203,26.750178375400644,187.47630833333332,2016-06-20
35.40875355805243,33.00214880642361,40.876475,2016-06-21
30.7053618315508,29.194335348212437,26.850666666666665,2016-06-22
28.37080448548813,26.69555254218716,79.47556666666667,2016-06-23
36.31065681003584,29.281176182277317,0.0,2016-06-24
43.98095181547618,33.8134346092504,34.66605833333333,2016-06-25
49.145064007877885,41.34760745473908,0.0,2016-06-26
31.286877506426734,29.993098627450983,95.16390416666665,2016-06-27
32.592395670498085,27.842145697876035,0.0,2016-06-28
36.658027288655276,28.805304732103643,0.0,2016-06-29
36.106433213141024,27.82296058039747,65.20471666666666,2016-06-30
29.97573226524255,28.588651729259496,0.0,2016-07-01
41.11696704545455,31.791570265515034,0.0,2016-07-02
49.681038315696654,41.02648022151899,0.0,2016-07-03
36.529175664095966,32.201909512837396,28.92638888888889,2016-07-04
32.23150767288268,27.504209534161493,8.954416666666667,2016-07-05
31.930326121015664,29.09480260651629,47.488225,2016-07-06
36.626046536025335,30.101595971613445,31.702954761904756,2016-07-07
33.10291307692307,28.704022913832198,113.7425,2016-07-08
34.4766083590535,36.52515009049774,27.093466666666668,2016-07-09
51.06627661443495,41.49737609606706,104.98489166666666,2016-07-10
34.83694352415753,28.936716717603915,94.37195277777778,2016-07-11
32.849055923589205,27.911099631228637,86.57825,2016-07-12
34.677724864969136,26.462095915324987,48.53711190476191,2016-07-13
32.306636523216305,27.583412751004012,139.88021666666666,2016-07-14
39.8163371278826,31.965692703301126,26.755391666666664,2016-07-15
41.26149389067524,35.45377331790124,22.611853333333336,2016-07-16
53.76425972789116,46.78018512250161,89.07777777777778,2016-07-17
32.493863149847094,29.106845902777778,18.677058333333335,2016-07-18
39.85041848691696,29.782363585351444,85.890825,2016-07-19
36.41265577069096,30.059990301596688,19.488223333333334,2016-07-20
36.875437475345166,30.001051685510888,0.0,2016-07-21
35.314904726368155,29.606548496818082,62.26338333333333,2016-07-22
37.807653292806485,31.966857699275366,44.34161666666667,2016-07-23
47.023668275245754,40.47662279146141,129.5742,2016-07-24
34.35737079457364,29.087681671794872,122.70628055555552,2016-07-25
34.3015444824962,26.470654440532076,25.48925,2016-07-26
36.00201650641026,29.020155367561262,253.75128333333333,2016-07-27
39.69827052469136,32.69615538892222,38.229902380952375,2016-07-28
33.589076087931815,30.18037322551662,34.389522222222226,2016-07-29
42.89396215119229,32.26092041083916,44.66509833333334,2016-07-30
44.45850478123591,44.25639928593132,19.714308333333335,2016-07-31
32.849753148148146,30.21879986102839,30.74645,2016-08-01
30.596275161535537,30.167655494975413,58.56955555555555,2016-08-02
29.489324953755087,25.846863219461696,39.25555,2016-08-03
30.492855692972125,29.56040136202953,32.40379166666667,2016-08-04
32.089533487044356,27.4801596706524,25.064641666666667,2016-08-05
39.17133765792031,31.792081108312345,27.95407777777778,2016-08-06
49.41018362869198,42.832580970680326,0.0,2016-08-07
36.89873631808279,31.802288010540185,21.088508333333333,2016-08-08
38.15455276803119,33.9026520179841,63.56787222222223,2016-08-09
29.086880891472873,25.98586051968198,37.41390416666667,2016-08-10
32.44486302023673,28.430364858314693,37.256820000000005,2016-08-11
33.2177299031477,29.464163729053094,87.07478333333333,2016-08-12
38.81040354223433,32.84439884744885,49.274883333333335,2016-08-13
53.16253553113554,47.17108404896422,26.23602916666667,2016-08-14
49.09997176034347,40.21397424735557,33.4039875,2016-08-15
33.32297784580499,28.332841785998408,39.49198333333333,2016-08-16
30.04900118910625,26.821933128032846,54.59266666666667,2016-08-17
31.955163539518903,27.832585508399646,0.0,2016-08-18
29.990472958426135,27.78518368851003,0.0,2016-08-19
37.543612190187154,31.209817421441773,0.0,2016-08-20
51.90385488951575,46.8134631468981,0.0,2016-08-21
31.566786892259817,24.44834090583602,7.61345,2016-08-22
31.880363352941178,32.04225099343623,12.28605,2016-08-23
29.303991502890174,28.837987449799197,0.0,2016-08-24
37.79384982973893,27.939232433467357,11.133666666666667,2016-08-25
28.501873831367412,30.276524123555053,58.70773333333333,2016-08-26
37.404274852071005,31.469312265163715,45.160066666666665,2016-08-27
54.96091259590793,40.80451980786825,82.85293333333334,2016-08-28
30.400579613645704,28.857790898214613,23.590241666666664,2016-08-29
29.575070628571428,32.100838121546964,46.64095,2016-08-30
31.433371278140886,27.890540868454657,10.550083333333333,2016-08-31
32.23200019425019,29.723280060709545,35.879866666666665,2016-09-01
32.61560532212885,27.48445770894789,32.203583333333334,2016-09-02
38.351942335390945,34.53010066395664,39.286275,2016-09-03
49.42066342465754,44.49093390591148,54.74883333333333,2016-09-04
31.539882857709078,28.630327567829454,27.98645,2016-09-05
32.84088667481663,24.1635692791762,13.243791666666667,2016-09-06
44.82360781466114,40.4992798855165,35.54496666666667,2016-09-07
31.96708752568845,24.515137359055675,9.7585,2016-09-08
33.54402702050663,27.93404862657758,9.754444444444443,2016-09-09
44.934088161764706,37.07674702892885,16.175666666666668,2016-09-10
51.42393403165734,51.66565106642291,5.619783333333333,2016-09-11
32.044667001576045,25.740629860313813,29.533583333333333,2016-09-12
34.64692817008352,26.645986995840115,30.982208333333332,2016-09-13
32.95226258823529,28.976700682314412,19.295139583333334,2016-09-14
31.5627493125,27.157048477842,12.313145833333333,2016-09-15
36.51242824133504,25.67435312207889,10.452733333333333,2016-09-16
36.71146467304625,32.99383520710059,16.83609166666667,2016-09-17
51.14108320396723,45.17128157819635,48.161116666666665,2016-09-18
28.979772717885172,25.557270316301704,183.70907499999998,2016-09-19
30.252610644768854,29.716952944539738,11.079533333333334,2016-09-20
31.699112590975254,25.4227390134938,12.712116666666667,2016-09-21
30.012303728070176,28.84428515048268,297.91816666666665,2016-09-22
33.16266675603217,28.265907055618186,17.067316666666667,2016-09-23
37.656152370791844,38.909836785009865,38.387025,2016-09-24
58.323746077184055,46.1876051249649,67.07916666666667,2016-09-25
27.61054403080873,27.304645523581137,0.0,2016-09-26
31.63926538778878,26.227799209486168,22.139861111111113,2016-09-27
35.95318487518355,31.66453410451824,18.320554166666668,2016-09-28
32.42817201591512,32.680745803852204,0.0,2016-09-29
34.00947687645688,30.271062861445785,0.0,2016-09-30
40.1718698757764,35.577379969278034,0.0,2016-10-01
47.257529554105496,43.65260921146954,27.05145,2016-10-02
32.78352032108154,26.271573894825057,38.31794166666666,2016-10-03
28.03149428104575,25.90924701276102,0.0,2016-10-04
30.479177830374756,27.516095021380572,51.724775,2016-10-05
32.03752661290322,27.483694339025934,41.20066666666667,2016-10-06
32.255704582763336,26.890688034960817,0.0,2016-10-07
33.280255581039754,29.82785578368223,25.519416666666668,2016-10-08
54.71709856630825,44.744686404320994,66.0537625,2016-10-09
30.38246689373297,26.585099777070063,0.0,2016-10-10
46.36597355667931,36.789729325661206,0.0,2016-10-11
43.36930605852767,39.72100761211082,46.9427,2016-10-12
33.61633177426438,27.451359637188208,0.0,2016-10-13
27.18608098495212,28.14276323345818,0.0,2016-10-14
39.88848311862587,32.99990398613519,43.38166666666667,2016-10-15
51.061779957203996,38.32365769110276,23.45126666666667,2016-10-16
30.66976920289855,26.075324455936222,0.0,2016-10-17
28.191573616644533,27.222710148975793,0.0,2016-10-18
30.95054587696335,24.628511293375393,5.536783333333333,2016-10-19
28.772693958930276,28.28595449857362,61.74783333333333,2016-10-20
30.06288123526638,27.40738131280035,0.0,2016-10-21
43.10879636416521,31.382556173938863,57.80235,2016-10-22
56.24992156265855,43.47119788436692,29.407866666666667,2016-10-23
36.87484810040706,30.771084429023624,11.052016666666667,2016-10-24
31.094546435316335,26.659232605775685,17.742716666666666,2016-10-25
31.23968677727501,28.02597132511889,0.0,2016-10-26
32.10700291902072,28.923634125454935,0.0,2016-10-27
39.112307789317505,31.142183171745152,20.887333333333334,2016-10-28
40.09828995646766,37.54748597953216,19.346744444444443,2016-10-29
47.06002557781201,40.237564592123775,20.810275,2016-10-30
30.894505691721136,26.5724432230869,480.344775,2016-10-31
35.564201533742335,31.454057315480078,25.851811111111108,2016-11-01
46.094377227498875,43.25683451946472,0.0,2016-11-02
29.4512845971564,30.913313669923998,44.51470833333333,2016-11-03
32.36079962707975,27.535777549467273,78.73805,2016-11-04
37.47774927035331,31.321843930041155,0.0,2016-11-05
45.71321969439728,37.25719111702128,40.259116666666664,2016-11-06
29.880350108401082,27.562294991847196,224.59114999999997,2016-11-07
36.27767378183832,30.23255371033166,27.02881111111111,2016-11-08
39.27921060850835,30.27446271704573,0.0,2016-11-09
33.945777452574525,27.49225329791943,17.610294444444445,2016-11-10
35.67406911519198,26.562523861247374,0.0,2016-11-11
40.74509795982423,30.51901911231884,52.003433333333334,2016-11-12
61.90528849557521,45.511160006795784,46.25229444444444,2016-11-13
34.41941587301587,29.057259328817736,7.941216666666667,2016-11-14
52.98613592479674,48.61727154772939,67.303,2016-11-15
33.935081302625065,27.140723964677225,36.429249999999996,2016-11-16
34.96257839243499,25.782962988997557,44.400275,2016-11-17
33.188266556108346,30.192527023275677,43.390222222222214,2016-11-18
39.87504128472222,34.397899056047194,0.0,2016-11-19
50.43392905282331,41.61375055440056,70.60251666666667,2016-11-20
30.976559387637202,31.22238606321839,0.0,2016-11-21
34.17294778406412,25.698892478251643,22.135233333333332,2016-11-22
35.80663756097561,29.094212006043705,5.727833333333333,2016-11-23
31.277348575063613,31.74228076833798,24.60839166666667,2016-11-24
34.019978424242424,32.72646556195965,33.49645,2016-11-25
33.510090394912986,33.77267087646653,11.735466666666667,2016-11-26
50.125024421883815,43.70908732620321,26.747333333333334,2016-11-27
39.08561368243243,27.121815273631842,0.0,2016-11-28
31.539167818077143,26.66094188495121,53.525222222222226,2016-11-29
28.75587078797304,26.263883179487177,41.540975,2016-11-30
37.44633705642815,33.151089825119236,36.23428333333333,2016-12-01
34.65657652173913,32.418481944444444,9.911666666666667,2016-12-02
37.64242126436781,29.324100994152047,59.407383333333335,2016-12-03
50.24583245257453,39.16906402340597,180.84358333333336,2016-12-04
31.435146779661018,27.131807678339822,37.303666666666665,2016-12-05
33.19721058252428,31.50998717848792,0.0,2016-12-06
31.71417614678899,27.358187006701414,0.0,2016-12-07
31.156146496598645,27.446271066555276,0.0,2016-12-08
39.107852158527955,27.74350949913644,0.0,2016-12-09
35.720084594594596,32.02301952026468,0.0,2016-12-10
53.82975625,45.0740514353042,15.69795,2016-12-11
44.1413456836799,27.921361431904348,60.90745,2016-12-12
37.98334648148148,30.626306320267396,17.237,2016-12-13
32.585661650165015,32.117368965517244,34.2195,2016-12-14
37.243362831858406,37.709219858156025,29.0,2017-01-01
38.55954631379962,31.984054669703873,35.0,2017-01-02
36.773879142300196,30.572254335260116,0.0,2017-01-03
38.71953578336557,30.36144578313253,142.0,2017-01-04
35.5191637630662,29.96286231884058,44.0,2017-01-05
42.58051689860835,32.21586345381526,52.0,2017-01-06
44.99554565701559,35.754889178617994,0.0,2017-01-07
41.86196319018405,42.89689034369886,62.0,2017-01-08
39.77413793103448,32.19068934646374,54.333333333333336,2017-01-09
34.11980830670927,30.134125636672326,35.5,2017-01-10
39.59655831739962,31.19935344827586,29.666666666666668,2017-01-11
36.496012759170654,27.097283085013146,53.0,2017-01-12
35.44642857142857,28.08993766696349,159.0,2017-01-13
38.479212253829324,33.04255319148936,55.5,2017-01-14
50.625,41.01555023923445,7.0,2017-01-15
33.38599348534202,35.1349538977368,18.5,2017-01-16
36.313935681470134,30.134948096885815,62.0,2017-01-17
29.589605734767026,29.637885462555065,0.0,2017-01-18
36.96376811594203,30.660018132366275,62.0,2017-01-19
34.87992125984252,32.25430210325048,21.75,2017-01-20
43.82657657657658,37.70631067961165,0.0,2017-01-21
54.15495867768595,54.28034682080925,74.0,2017-01-22
37.248226950354606,31.222333000997008,0.0,2017-01-23
36.6628664495114,33.58311800172265,39.0,2017-01-24
36.185117967332125,32.91346153846154,53.5,2017-01-25
33.80722891566265,30.653189577717878,26.0,2017-01-26
37.187624750499005,35.496316758747696,25.666666666666668,2017-01-27
45.95428571428572,38.39,0.0,2017-01-28
48.87552742616034,39.80229591836735,53.0,2017-01-29
33.78989898989899,34.02946428571428,96.5,2017-01-30
37.083743842364534,36.65071283095723,0.0,2017-01-31
53.38383838383838,39.84276018099548,54.0,2017-02-01
36.60180995475113,30.897748592870546,65.5,2017-02-02
35.2903981264637,32.00194931773879,0.0,2017-02-03
35.188976377952756,36.398110661268554,146.75,2017-02-04
46.642201834862384,42.32,38.25,2017-02-05
35.54079254079254,32.31884057971015,115.5,2017-02-06
29.60236220472441,28.913690476190474,0.0,2017-02-07
31.52173913043478,36.1849710982659,0.0,2017-02-08
35.686346863468636,32.90790616854909,88.5,2017-02-09
33.41330166270784,30.177625122669284,150.0,2017-02-10
41.37722419928826,40.97802197802198,26.0,2017-02-11
57.417748917748916,49.63157894736842,0.0,2017-02-12
45.809798270893374,34.90360046457607,0.0,2017-02-13
44.40919540229885,42.48640167364017,0.0,2017-02-14
31.155419222903884,29.514052583862195,11.0,2017-02-15
31.44747081712062,32.27742520398912,0.0,2017-02-16
43.55417956656347,54.65772669220945,0.0,2017-02-17
61.37463126843658,62.78787878787879,0.0,2017-02-18
46.86363636363637,47.04061895551257,0.0,2017-02-19
40.97283950617284,41.24655963302752,33.0,2017-02-20
56.34834123222749,41.62740899357602,0.0,2017-02-21
33.39955357142857,39.326021934197406,11.0,2017-02-22
48.369020501138955,42.559615384615384,0.0,2017-02-23
43.666666666666664,40.39072164948453,0.0,2017-02-24
49.416666666666664,40.31362007168459,0.0,2017-02-25
56.697068403908794,51.41153846153846,94.0,2017-02-26
37.4349593495935,46.61407766990291,0.0,2017-02-27
42.16107382550336,49.58349328214971,0.0,2017-02-28
48.74556213017752,44.469750889679716,0.0,2017-03-01
40.047222222222224,41.080760095011875,0.0,2017-03-02
52.815699658703075,40.381727158948685,36.5,2017-03-03
41.27146814404432,51.986217457886674,30.0,2017-03-04
60.34183673469388,54.70203488372093,57.75,2017-03-05
37.43355119825708,35.76626947754354,0.0,2017-03-06
33.787654320987656,34.546370967741936,214.75,2017-03-07
47.07387862796834,41.73960612691466,119.57142857142857,2017-03-08
33.86080586080586,38.716923076923074,0.0,2017-03-09
51.575221238938056,39.14754098360656,0.0,2017-03-10
45.510385756676556,37.54874213836478,0.0,2017-03-11
52.625698324022345,43.50638977635783,0.0,2017-03-12
53.881159420289855,41.56521739130435,19.0,2017-03-13
54.07957559681697,45.8034188034188,148.33333333333334,2017-03-14
44.327188940092164,35.0184287099903,0.0,2017-03-15
38.333333333333336,31.31594784353059,0.0,2017-03-16
40.705882352941174,33.002047082906856,0.0,2017-03-17
44.37135278514589,36.52192362093352,0.0,2017-03-18
43.13133640552996,46.01076923076923,160.0,2017-03-19
46.655072463768114,31.573319755600814,62.666666666666664,2017-03-20
28.502475247524753,28.727884615384614,0.0,2017-03-21
38.590625,30.690631808278866,0.0,2017-03-22
28.51027397260274,32.472684085510686,23.0,2017-03-23
46.39732142857143,31.302588996763753,0.0,2017-03-24
38.42699724517907,40.256515775034295,0.0,2017-03-25
49.47540983606557,39.724409448818896,0.0,2017-03-26
38.29,42.91466083150985,309.5,2017-03-27
48.98815165876777,45.70511534603811,41.0,2017-03-28
34.090712742980564,39.97483690587139,11.0,2017-03-29
75.95833333333333,65.6890625,0.0,2017-03-30
40.53989361702128,39.28708644610459,182.0,2017-03-31
51.491379310344826,36.982142857142854,3.0,2017-04-01
45.107317073170734,41.17133956386293,34.0,2017-04-02
36.35374149659864,26.32367149758454,20.5,2017-04-03
32.822281167108756,31.20278503046127,0.0,2017-04-04
40.21066666666667,36.84527518172378,49.0,2017-04-05
38.68213457076566,38.33555133079848,5.0,2017-04-06
31.033942558746737,36.64043824701195,0.0,2017-04-07
42.58717948717949,37.73495518565941,10.0,2017-04-08
55.600467289719624,43.70157819225251,55.0,2017-04-09
28.422657952069716,31.620598591549296,0.0,2017-04-10
35.20333333333333,36.38861386138614,314.4,2017-04-11
30.4,32.5578231292517,13.0,2017-04-12
35.62937062937063,37.04899135446686,11.0,2017-04-13
40.70169491525424,48.59500959692898,7.0,2017-04-14
45.39884393063584,39.93809523809524,0.0,2017-04-15
62.37950138504155,56.95793499043977,31.0,2017-04-16
29.947115384615383,34.810361681329425,0.0,2017-04-17
37.22516556291391,30.97773654916512,0.0,2017-04-18
36.607734806629836,31.899536321483772,0.0,2017-04-19
38.53739612188366,35.08474576271186,0.0,2017-04-20
45.024875621890544,45.50414364640884,0.0,2017-04-21
50.93142857142857,41.08417997097242,0.0,2017-04-22
49.902272727272724,42.26029654036244,224.0,2017-04-23
40.94736842105263,34.31858407079646,0.0,2017-04-24
35.849673202614376,28.440881763527056,0.0,2017-04-25
35.711934156378604,30.69094304388422,5.0,2017-04-26
34.647577092511014,30.946946946946948,7.0,2017-04-27
36.66,36.11478800413651,244.33333333333334,2017-04-28
45.06990881458967,41.2198275862069,0.0,2017-04-29
43.1764705882353,43.7532956685499,44.0,2017-04-30
62.989333333333335,46.82441700960219,39.5,2017-05-01
158.83870967741936,186.08665105386416,0.0,2017-05-02
32.66350710900474,34.56149068322981,0.0,2017-05-03
38.67970660146699,32.12820512820513,0.0,2017-05-04
34.96145610278373,28.34876210979548,14.0,2017-05-05
43.4529262086514,33.1644385026738,25.5,2017-05-06
52.60335195530726,41.66298342541437,43.0,2017-05-07
46.13988095238095,31.98926174496644,87.0,2017-05-08
37.05636743215031,33.286376274328084,29.0,2017-05-09
35.04109589041096,30.489622641509435,54.0,2017-05-10
35.65062761506276,29.1889400921659,47.0,2017-05-11
33.56264775413712,30.170854271356784,27.5,2017-05-12
44.40871934604905,35.93654822335025,0.0,2017-05-13
49.533557046979865,41.77447552447553,10.0,2017-05-14
34.66949152542373,35.390449438202246,0.0,2017-05-15
43.29158878504673,27.502149613069648,487.0,2017-05-16
40.04417670682731,34.979757085020246,15.0,2017-05-17
40.1078431372549,35.49950445986125,131.4,2017-05-18
38.06112469437653,31.429961089494164,17.5,2017-05-19
43.4151376146789,32.99041916167665,10.0,2017-05-20
53.42216981132076,46.305865921787706,23.666666666666668,2017-05-21
45.24593495934959,35.52862985685071,0.0,2017-05-22
36.23047619047619,33.00095419847328,6.0,2017-05-23
37.553149606299215,32.80072463768116,50.0,2017-05-24
34.83857442348008,30.40909090909091,0.0,2017-05-25
39.47757847533632,29.607917059377947,42.0,2017-05-26
42.25816023738872,36.199434229137196,0.0,2017-05-27
59.747747747747745,53.261950286806886,0.0,2017-05-28
35.91463414634146,52.58047016274865,0.0,2017-05-29
35.14666666666667,32.471065989847716,46.0,2017-05-30
41.65467625899281,29.707291666666666,0.0,2017-05-31
35.76252723311547,31.65560975609756,17.0,2017-06-01
32.96098562628337,30.389320388349514,0.0,2017-06-02
40.37764350453172,34.196026490066224,0.0,2017-06-03
58.721485411140584,41.214046822742475,0.0,2017-06-04
36.336693548387096,29.797642436149314,26.0,2017-06-05
30.780718336483933,28.89324817518248,0.0,2017-06-06
36.951219512195124,25.334224598930483,23.0,2017-06-07
27.838912133891213,32.75632614807873,0.0,2017-06-08
38.24433249370277,32.03678606001936,0.0,2017-06-09
31.796875,32.557833089311856,0.0,2017-06-10
54.625,56.84731543624161,0.0,2017-06-11
39.33150684931507,35.538011695906434,0.0,2017-06-12
37.82570806100218,37.809330628803245,0.0,2017-06-13
45.72494172494172,32.95945945945946,46.0,2017-06-14
45.673860911270985,56.47353760445682,0.0,2017-06-15
36.481735159817354,36.67786790266512,32.0,2017-06-16
49.5848623853211,39.21418439716312,61.0,2017-06-17
49.49614395886889,47.57051282051282,0.0,2017-06-18
39.98047722342733,34.5819397993311,44.0,2017-06-19
35.5518018018018,36.76781857451404,36.0,2017-06-20
32.45474137931034,32.763829787234044,0.0,2017-06-21
37.15742793791574,30.32161323681489,0.0,2017-06-22
49.33495145631068,30.45909090909091,0.0,2017-06-23
39.15850144092219,36.87057220708447,92.66666666666667,2017-06-24
49.04320987654321,49.17340067340067,0.0,2017-06-25
31.0,33.34019501625136,0.0,2017-06-26
36.05189620758483,32.71837944664031,0.0,2017-06-27
39.910714285714285,29.035476718403547,21.0,2017-06-28
38.4407158836689,35.328436516264425,0.0,2017-06-29
40.929906542056074,36.032220943613346,29.5,2017-06-30
49.56490384615385,50.54703328509407,50.0,2017-07-01
51.0503144654088,49.1062874251497,0.0,2017-07-02
32.58031088082902,35.013698630136986,0.0,2017-07-03
32.8247191011236,28.79690949227373,20.5,2017-07-04
31.280851063829786,35.86534446764092,0.0,2017-07-05
39.033126293995856,36.048804780876495,0.0,2017-07-06
35.95074946466809,29.598870056497177,0.0,2017-07-07
46.52519893899204,46.70266040688576,0.0,2017-07-08
58.37552742616034,52.06198347107438,13.0,2017-07-09
38.800947867298575,38.39281288723668,128.0,2017-07-10
40.9816091954023,39.68757259001161,0.0,2017-07-11
38.06813627254509,38.340816326530614,0.0,2017-07-12
40.095334685598374,38.88621444201313,65.0,2017-07-13
41.725531914893615,42.432867883995705,0.0,2017-07-14
49.93540669856459,48.31994645247657,0.0,2017-07-15
50.809725158562365,49.1657223796034,30.0,2017-07-16
42.714579055441476,29.593275488069413,41.0,2017-07-17
39.57943925233645,38.81393034825871,68.0,2017-07-18
44.91463414634146,46.1588486140725,49.5,2017-07-19
42.49586776859504,45.77181208053691,0.0,2017-07-20
59.71590909090909,54.00138312586446,281.6666666666667,2017-07-21
44.857549857549856,43.70323488045007,67.25,2017-07-22
56.720682302771856,58.787379972565155,0.0,2017-07-23
39.21092278719397,45.11829134720701,112.33333333333333,2017-07-24
48.64705882352941,34.73598130841121,179.0,2017-07-25
36.39088729016787,33.63347921225383,53.5,2017-07-26
36.97167138810198,32.88387978142077,0.0,2017-07-27
40.716931216931215,35.678666666666665,28.0,2017-07-28
44.859410430839006,35.01655172413793,11.0,2017-07-29
57.067129629629626,56.48286140089419,50.666666666666664,2017-07-30
52.698876404494385,37.16438356164384,386.3333333333333,2017-07-31
45.30549450549451,37.840728100113765,12.0,2017-08-01
43.114688128772634,40.14088983050848,29.166666666666668,2017-08-02
42.25503355704698,36.05785123966942,16.1,2017-08-03
37.637614678899084,35.36595310907237,16.875,2017-08-04
45.42260442260442,35.35013623978202,10.5,2017-08-05
50.32586558044807,46.57846952010376,46.666666666666664,2017-08-06
37.71269487750557,33.48297872340426,19.166666666666668,2017-08-07
42.55530973451327,39.043771043771045,14.0,2017-08-08
40.1415313225058,34.227118644067794,33.666666666666664,2017-08-09
40.64810126582279,32.9102416570771,11.4,2017-08-10
34.270194986072426,37.656565656565654,18.0,2017-08-11
47.97859327217125,45.89956958393113,0.0,2017-08-12
49.785145888594165,47.76214405360134,0.0,2017-08-13
44.70348837209303,40.52564102564103,30.0,2017-08-14
46.50592885375494,42.878197320341044,15.0,2017-08-15
41.67396061269147,35.26155358898722,15.75,2017-08-16
37.11600928074246,39.52350427350427,25.0,2017-08-17
35.146153846153844,33.23147208121827,19.0,2017-08-18
36.62796833773087,36.66531713900135,32.5,2017-08-19
51.66294642857143,54.26093514328809,0.0,2017-08-20
40.35532994923858,44.159120310478656,11.0,2017-08-21
33.4382871536524,31.16699604743083,12.5,2017-08-22
39.28378378378378,34.31928345626976,36.0,2017-08-23
37.498817966903076,32.95218718209563,12.2,2017-08-24
32.091412742382275,38.78814489571899,0.0,2017-08-25
43.741610738255034,54.354838709677416,0.0,2017-08-26
56.49433106575964,48.412191582002905,36.0,2017-08-27
37.57746478873239,31.24335812964931,11.666666666666666,2017-08-28
34.985915492957744,32.4853249475891,11.5,2017-08-29
36.873456790123456,40.486666666666665,22.25,2017-08-30
32.44615384615385,30.291814946619215,30.0,2017-08-31
50.12320916905444,35.45495495495496,12.0,2017-09-01
48.37770897832817,50.88522012578616,15.0,2017-09-02
59.5799522673031,49.66089466089466,0.0,2017-09-03
40.24338624338624,38.05131414267835,0.0,2017-09-04
35.402877697841724,33.525054466230934,9.666666666666666,2017-09-05
36.84636118598383,33.62192393736018,12.0,2017-09-06
48.81534772182254,48.357371794871796,0.0,2017-09-07
42.72079772079772,40.204834605597966,0.0,2017-09-08
44.821333333333335,42.48733233979136,93.0,2017-09-09
51.35606060606061,52.870588235294115,0.0,2017-09-10
27.148681055155876,34.41619797525309,10.0,2017-09-11
35.263020833333336,35.52894438138479,9.75,2017-09-12
31.919060052219322,37.21686746987952,10.333333333333334,2017-09-13
38.91315136476427,37.829268292682926,15.8,2017-09-14
40.01424501424501,35.75438596491228,0.0,2017-09-15
52.84879725085911,42.62035541195477,60.0,2017-09-16
63.916666666666664,56.266866566716644,54.8,2017-09-17
35.246246246246244,33.3781212841855,9.0,2017-09-18
41.119791666666664,37.39086859688196,20.0,2017-09-19
33.3029490616622,30.629050279329608,12.333333333333334,2017-09-20
37.58404558404558,37.15582959641256,11.25,2017-09-21
38.36612021857923,34.42354368932039,17.0,2017-09-22
43.08510638297872,36.345541401273884,82.0,2017-09-23
70.937125748503,49.42934782608695,50.0,2017-09-24
39.17875647668394,31.100997506234414,8.6,2017-09-25
43.033149171270715,38.30047505938242,17.75,2017-09-26
47.43935309973046,38.625850340136054,36.5,2017-09-27
41.22538860103627,36.46197502837684,72.33333333333333,2017-09-28
41.807291666666664,39.87676508344031,127.66666666666667,2017-09-29
52.263665594855304,38.224242424242426,91.85714285714286,2017-09-30
56.01823708206687,53.351351351351354,85.33333333333333,2017-10-01
34.5916955017301,44.10016155088853,11.5,2017-10-02
51.24866310160428,43.912718204488776,16.8,2017-10-03
34.813455657492355,37.04722550177095,42.2,2017-10-04
36.31185567010309,38.240811153358685,8.8,2017-10-05
30.91545189504373,33.86153846153846,36.0,2017-10-06
45.08529411764706,39.5244094488189,11.0,2017-10-07
53.68258426966292,48.84473197781885,39.6,2017-10-08
31.874233128834355,41.40308087291399,8.0,2017-10-09
32.91612903225806,33.556728232189975,17.0,2017-10-10
38.07719298245614,39.79597701149425,9.0,2017-10-11
51.55595667870036,42.833017077798864,25.5,2017-10-12
29.894039735099337,32.40245775729647,65.0,2017-10-13
43.260377358490565,36.44959677419355,39.0,2017-10-14
52.191542288557216,42.7834274952919,65.0,2017-10-15
37.50704225352113,33.80603448275862,31.0,2017-10-16
35.234375,34.58,27.5,2017-10-17
41.56603773584906,32.943502824858754,79.0,2017-10-18
53.668571428571425,38.21689785624212,0.0,2017-10-19
49.75757575757576,33.82331511839708,0.0,2017-10-20
36.545801526717554,44.73269230769231,26.0,2017-10-21
52.58132530120482,45.37972166998012,0.0,2017-10-22
38.43445692883895,29.274285714285714,0.0,2017-10-23
35.03496503496503,28.969776609724047,0.0,2017-10-24
36.87544483985765,30.90184921763869,12.0,2017-10-25
46.28125,32.9,0.0,2017-10-26
39.819397993311036,34.32676056338028,0.0,2017-10-27
50.5078125,44.95669291338583,0.0,2017-10-28
47.43971631205674,45.28451882845188,94.0,2017-10-29
37.42279411764706,35.36148148148148,0.0,2017-10-30
34.718032786885246,30.977544910179642,11.0,2017-10-31
31.151943462897528,34.86806596701649,15.0,2017-11-01
49.60738255033557,39.14677419354839,39.666666666666664,2017-11-02
34.689922480620154,35.93046357615894,7.0,2017-11-03
36.052845528455286,34.94267515923567,12.0,2017-11-04
53.77777777777778,49.591885441527445,0.0,2017-11-05
51.208835341365464,39.91593695271454,0.0,2017-11-06
33.10726643598616,28.86813186813187,0.0,2017-11-07
45.55673758865248,34.08836524300442,6.0,2017-11-08
30.22945205479452,35.02446483180428,0.0,2017-11-09
33.76449275362319,33.53832442067736,26.0,2017-11-10
42.94420600858369,35.43577981651376,22.0,2017-11-11
50.049668874172184,44.65079365079365,50.5,2017-11-12
41.32888888888889,45.455114822546975,0.0,2017-11-13
31.375451263537904,27.491721854304636,72.0,2017-11-14
49.19135802469136,41.125506072874494,0.0,2017-11-15
49.5726872246696,35.465486725663716,0.0,2017-11-16
31.422053231939163,30.333333333333332,0.0,2017-11-17
42.48341232227488,43.63561076604555,0.0,2017-11-18
57.16450216450217,46.30099502487562,67.0,2017-11-19
33.84710743801653,31.933962264150942,11.0,2017-11-20
43.75478927203065,32.47284345047923,10.0,2017-11-21
37.96590909090909,30.70800627943485,0.0,2017-11-22
31.789473684210527,34.93558776167472,8.0,2017-11-23
30.454183266932272,31.673076923076923,0.0,2017-11-24
48.73953488372093,42.88984881209503,8.0,2017-11-25
61.760456273764255,47.671394799054376,0.0,2017-11-26
42.540284360189574,28.971134020618557,0.0,2017-11-27
62.079166666666666,38.90661478599222,10.0,2017-11-28
42.59069767441861,23.95687885010267,0.0,2017-11-29
37.205882352941174,36.389002036659875,0.0,2017-11-30
50.2017937219731,32.79454926624738,0.0,2017-12-01
52.27058823529412,41.93313953488372,55.0,2017-12-02
61.51401869158879,43.46520146520147,81.5,2017-12-03
35.40414507772021,45.15764705882353,0.0,2017-12-04
45.273109243697476,32.04667863554758,0.0,2017-12-05
38.780082987551864,35.979667282809615,0.0,2017-12-06
33.78761061946903,26.88235294117647,106.0,2017-12-07
40.19047619047619,37.45093945720251,0.0,2017-12-08
58.43589743589744,33.57836644591612,51.5,2017-12-09
47.93069306930693,52.183673469387756,45.0,2017-12-10
35.367816091954026,31.916492693110648,31.5,2017-12-11
39.96678966789668,36.74856046065259,0.0,2017-12-12
45.261538461538464,32.07276507276507,0.0,2017-12-13
43.90376569037657,32.280858676207515,0.0,2017-12-14
37.14054054054054,33.059196617336156,28.0,2017-12-15
36.24503311258278,41.75498575498575,0.0,2017-12-16
64.98351648351648,49.78466076696165,0.0,2017-12-17
37.641304347826086,36.14645308924485,0.0,2017-12-18
28.305882352941175,40.392561983471076,0.0,2017-12-19
52.9622641509434,38.85,0.0,2017-12-20
43.05769230769231,36.074183976261125,0.0,2017-12-21
69.09803921568627,40.23076923076923,0.0,2017-12-22
69.29,39.7093023255814,0.0,2017-12-23
53.5609756097561,50.29047619047619,0.0,2017-12-24
62.32520325203252,57.41588785046729,0.0,2017-12-25
58.13259668508287,45.288288288288285,0.0,2017-12-26
45.14358974358974,43.38265306122449,0.0,2017-12-27
61.586497890295355,42.28888888888889,26.0,2017-12-28
38.89387755102041,41.560165975103736,0.0,2017-12-29
48.46222222222222,37.785353535353536,0.0,2017-12-30
51.054054054054056,43.833333333333336,0.0,2017-12-31
