dia,M_0,F_0,O_0,M_3,F_3,O_3,M_4,F_4,O_4,num_of_stations
2014-12-16,229,125,0.0,19,3,0.0,0.0,0.0,0.0,15.0
2014-12-17,308,171,0.0,11,4,0.0,0.0,0.0,0.0,15.0
2014-12-18,314,172,1.0,15,13,0.0,0.0,0.0,0.0,15.0
2014-12-19,339,162,1.0,18,3,0.0,0.0,0.0,0.0,15.0
2014-12-20,317,200,4.0,18,4,0.0,0.0,0.0,0.0,15.0
2014-12-21,527,406,2.0,25,13,0.0,0.0,0.0,0.0,15.0
2014-12-22,408,252,0.0,19,5,0.0,0.0,0.0,0.0,15.0
2014-12-23,413,218,0.0,14,5,0.0,0.0,0.0,0.0,15.0
2014-12-24,217,120,1.0,4,6,0.0,1.0,1.0,0.0,15.0
2014-12-25,373,256,2.0,23,2,0.0,0.0,1.0,0.0,15.0
2014-12-26,475,306,3.0,21,6,0.0,0.0,0.0,0.0,15.0
2014-12-27,407,344,0.0,16,16,0.0,0.0,0.0,0.0,15.0
2014-12-28,564,480,3.0,21,15,0.0,0.0,0.0,0.0,15.0
2014-12-29,509,353,2.0,19,23,0.0,1.0,0.0,0.0,15.0
2014-12-30,417,318,5.0,17,9,0.0,0.0,0.0,0.0,15.0
2014-12-31,232,172,0.0,7,1,0.0,2.0,0.0,0.0,15.0
2015-01-01,274,243,5.0,15,10,0.0,3.0,0.0,0.0,15.0
2015-01-02,452,308,0.0,14,12,0.0,1.0,1.0,0.0,15.0
2015-01-03,353,256,0.0,15,8,0.0,0.0,0.0,0.0,15.0
2015-01-04,575,558,0.0,15,20,0.0,0.0,0.0,0.0,15.0
2015-01-05,496,335,3.0,20,10,1.0,0.0,0.0,0.0,15.0
2015-01-06,522,386,2.0,15,18,0.0,0.0,0.0,0.0,15.0
2015-01-07,472,341,0.0,31,20,0.0,0.0,0.0,0.0,15.0
2015-01-08,510,386,0.0,43,32,0.0,0.0,0.0,0.0,15.0
2015-01-09,480,302,2.0,17,8,0.0,0.0,0.0,0.0,15.0
2015-01-10,495,352,1.0,27,16,0.0,0.0,0.0,0.0,15.0
2015-01-11,515,437,3.0,24,12,0.0,0.0,0.0,0.0,15.0
2015-01-12,437,359,5.0,21,11,1.0,0.0,0.0,0.0,15.0
2015-01-13,524,400,5.0,21,12,1.0,0.0,0.0,0.0,15.0
2015-01-14,564,414,4.0,13,9,0.0,0.0,0.0,0.0,15.0
2015-01-15,472,362,3.0,17,7,0.0,0.0,0.0,0.0,15.0
2015-01-16,468,309,2.0,19,11,0.0,0.0,1.0,0.0,15.0
2015-01-17,499,362,3.0,16,14,0.0,0.0,0.0,0.0,15.0
2015-01-18,519,494,1.0,38,35,0.0,1.0,0.0,0.0,15.0
2015-01-19,500,353,1.0,17,8,0.0,0.0,0.0,0.0,15.0
2015-01-20,547,421,4.0,13,8,1.0,0.0,0.0,0.0,15.0
2015-01-21,468,379,1.0,21,8,0.0,0.0,0.0,0.0,15.0
2015-01-22,506,378,4.0,26,18,0.0,0.0,0.0,0.0,15.0
2015-01-23,470,314,0.0,20,21,0.0,0.0,0.0,0.0,15.0
2015-01-24,420,385,0.0,10,7,0.0,0.0,0.0,0.0,15.0
2015-01-25,473,498,2.0,24,15,0.0,0.0,0.0,0.0,15.0
2015-01-26,499,358,1.0,17,7,0.0,0.0,0.0,0.0,15.0
2015-01-27,503,375,1.0,13,15,0.0,0.0,0.0,0.0,15.0
2015-01-28,528,365,1.0,26,17,0.0,0.0,0.0,0.0,15.0
2015-01-29,453,299,3.0,21,8,0.0,0.0,1.0,0.0,15.0
2015-01-30,465,276,5.0,23,18,0.0,0.0,0.0,0.0,15.0
2015-01-31,424,304,1.0,22,8,0.0,0.0,0.0,0.0,15.0
2015-02-01,497,474,2.0,36,18,0.0,1.0,0.0,0.0,15.0
2015-02-02,442,315,0.0,24,18,0.0,0.0,0.0,0.0,15.0
2015-02-03,507,320,1.0,24,17,0.0,0.0,0.0,0.0,15.0
2015-02-04,451,295,3.0,22,8,0.0,0.0,0.0,0.0,15.0
2015-02-05,433,255,2.0,37,11,0.0,0.0,0.0,0.0,15.0
2015-02-06,423,311,1.0,22,18,0.0,0.0,0.0,0.0,15.0
2015-02-07,397,259,3.0,24,11,0.0,0.0,0.0,0.0,15.0
2015-02-08,510,494,1.0,28,26,0.0,0.0,0.0,0.0,15.0
2015-02-09,373,245,3.0,14,11,0.0,0.0,0.0,0.0,15.0
2015-02-10,416,245,0.0,18,9,0.0,0.0,0.0,0.0,15.0
2015-02-11,382,237,0.0,21,10,0.0,0.0,0.0,0.0,15.0
2015-02-12,355,208,0.0,9,7,0.0,0.0,0.0,0.0,15.0
2015-02-13,281,193,0.0,14,9,0.0,0.0,0.0,0.0,15.0
2015-02-14,330,245,1.0,16,15,0.0,0.0,0.0,0.0,15.0
2015-02-15,422,330,1.0,20,9,0.0,0.0,0.0,0.0,15.0
2015-02-16,387,348,2.0,11,10,0.0,1.0,0.0,0.0,15.0
2015-02-17,345,247,0.0,15,13,0.0,0.0,0.0,0.0,15.0
2015-02-18,386,290,2.0,19,6,0.0,0.0,0.0,0.0,15.0
2015-02-19,346,195,0.0,8,8,0.0,0.0,0.0,0.0,15.0
2015-02-20,370,204,0.0,11,9,0.0,1.0,0.0,0.0,15.0
2015-02-21,302,236,0.0,12,10,0.0,0.0,0.0,0.0,15.0
2015-02-22,405,377,0.0,11,10,0.0,0.0,0.0,0.0,15.0
2015-02-23,310,186,0.0,13,12,0.0,0.0,0.0,0.0,20.0
2015-02-24,362,167,0.0,21,13,0.0,0.0,0.0,0.0,20.0
2015-02-25,385,169,1.0,23,8,0.0,0.0,0.0,0.0,20.0
2015-02-26,461,217,0.0,21,7,0.0,0.0,0.0,0.0,20.0
2015-02-27,437,218,0.0,23,16,0.0,1.0,0.0,0.0,20.0
2015-02-28,346,256,0.0,15,10,0.0,1.0,0.0,0.0,24.0
2015-03-01,586,562,1.0,39,34,0.0,1.0,0.0,0.0,25.0
2015-03-02,401,202,0.0,20,11,0.0,0.0,0.0,0.0,25.0
2015-03-03,502,276,0.0,34,18,0.0,0.0,0.0,0.0,25.0
2015-03-04,533,294,0.0,26,21,0.0,0.0,0.0,0.0,25.0
2015-03-05,534,283,0.0,36,12,0.0,0.0,0.0,0.0,25.0
2015-03-06,528,280,0.0,28,22,0.0,0.0,1.0,0.0,30.0
2015-03-07,392,224,0.0,26,15,0.0,2.0,0.0,0.0,30.0
2015-03-08,492,487,0.0,39,17,0.0,1.0,1.0,0.0,30.0
2015-03-09,485,260,0.0,34,10,0.0,0.0,0.0,0.0,30.0
2015-03-10,536,279,0.0,31,17,0.0,2.0,0.0,0.0,30.0
2015-03-11,612,362,0.0,52,14,0.0,0.0,0.0,0.0,30.0
2015-03-12,634,296,0.0,26,16,0.0,0.0,0.0,0.0,30.0
2015-03-13,707,322,0.0,31,21,0.0,0.0,0.0,0.0,30.0
2015-03-14,605,432,2.0,37,21,0.0,2.0,0.0,0.0,30.0
2015-03-15,733,624,2.0,49,26,0.0,2.0,0.0,0.0,30.0
2015-03-16,678,321,0.0,32,22,0.0,0.0,0.0,0.0,30.0
2015-03-17,738,432,0.0,33,17,0.0,0.0,0.0,0.0,30.0
2015-03-18,708,403,0.0,41,20,0.0,0.0,0.0,0.0,30.0
2015-03-19,745,614,7.0,48,28,0.0,0.0,0.0,0.0,30.0
2015-03-20,738,407,1.0,43,29,0.0,0.0,0.0,0.0,30.0
2015-03-21,560,329,1.0,57,25,0.0,1.0,0.0,0.0,35.0
2015-03-22,944,790,7.0,66,36,0.0,0.0,0.0,0.0,35.0
2015-03-23,813,372,0.0,53,35,0.0,0.0,0.0,0.0,35.0
2015-03-24,879,426,0.0,54,27,0.0,0.0,0.0,0.0,35.0
2015-03-25,1101,901,3.0,97,48,0.0,1.0,1.0,0.0,35.0
2015-03-26,948,466,4.0,81,42,1.0,0.0,2.0,0.0,35.0
2015-03-27,1010,479,4.0,83,41,0.0,0.0,0.0,0.0,35.0
2015-03-28,935,652,6.0,47,41,0.0,0.0,0.0,0.0,35.0
2015-03-29,925,938,2.0,67,58,0.0,0.0,0.0,0.0,38.0
2015-03-30,869,450,0.0,48,28,0.0,0.0,0.0,0.0,38.0
2015-03-31,936,450,4.0,62,29,0.0,0.0,0.0,0.0,38.0
2015-04-01,1054,479,3.0,45,30,0.0,0.0,1.0,0.0,38.0
2015-04-02,883,534,8.0,49,26,0.0,0.0,0.0,0.0,38.0
2015-04-03,825,669,6.0,70,39,1.0,0.0,0.0,0.0,38.0
2015-04-04,869,641,10.0,74,42,0.0,0.0,0.0,0.0,38.0
2015-04-05,944,877,8.0,87,65,1.0,0.0,0.0,0.0,38.0
2015-04-06,1069,529,0.0,83,36,0.0,0.0,0.0,0.0,38.0
2015-04-07,1183,593,2.0,125,56,0.0,3.0,1.0,0.0,38.0
2015-04-08,1198,577,1.0,121,54,0.0,0.0,0.0,0.0,38.0
2015-04-09,994,452,1.0,101,36,0.0,1.0,0.0,0.0,38.0
2015-04-10,1095,458,0.0,122,53,0.0,0.0,1.0,0.0,38.0
2015-04-11,1039,680,3.0,103,61,0.0,0.0,0.0,0.0,38.0
2015-04-12,1055,908,4.0,100,71,0.0,0.0,0.0,0.0,38.0
2015-04-13,799,422,2.0,87,37,0.0,1.0,0.0,0.0,38.0
2015-04-14,829,398,1.0,76,44,0.0,0.0,0.0,0.0,38.0
2015-04-15,1054,541,1.0,91,42,1.0,1.0,0.0,0.0,38.0
2015-04-16,1139,641,2.0,96,52,0.0,2.0,0.0,0.0,38.0
2015-04-17,1237,591,1.0,134,44,1.0,0.0,0.0,0.0,38.0
2015-04-18,1114,686,2.0,85,57,0.0,0.0,0.0,0.0,38.0
2015-04-19,1195,990,4.0,109,64,0.0,0.0,0.0,0.0,38.0
2015-04-20,1172,609,1.0,137,63,1.0,0.0,0.0,0.0,38.0
2015-04-21,1235,1061,8.0,103,82,0.0,0.0,0.0,0.0,38.0
2015-04-22,1136,621,1.0,92,60,1.0,0.0,0.0,0.0,38.0
2015-04-23,1010,505,4.0,75,36,0.0,2.0,0.0,0.0,38.0
2015-04-24,601,199,0.0,36,13,0.0,0.0,0.0,0.0,38.0
2015-04-25,1144,717,2.0,103,69,0.0,0.0,0.0,0.0,38.0
2015-04-26,1063,1021,8.0,70,59,0.0,0.0,0.0,0.0,39.0
2015-04-27,1149,573,1.0,56,34,0.0,0.0,0.0,0.0,39.0
2015-04-28,1170,614,3.0,88,63,0.0,0.0,0.0,0.0,39.0
2015-04-29,1144,583,1.0,124,60,0.0,0.0,0.0,0.0,39.0
2015-04-30,1146,533,3.0,154,46,0.0,0.0,0.0,0.0,40.0
2015-05-01,1114,955,2.0,128,77,0.0,0.0,1.0,0.0,40.0
2015-05-02,1022,659,8.0,88,49,1.0,0.0,0.0,0.0,40.0
2015-05-03,825,699,2.0,67,71,0.0,1.0,0.0,0.0,40.0
2015-05-04,1056,596,2.0,168,63,1.0,0.0,0.0,0.0,40.0
2015-05-05,1163,597,0.0,121,52,0.0,0.0,0.0,0.0,40.0
2015-05-06,1128,617,1.0,133,68,0.0,0.0,0.0,0.0,40.0
2015-05-07,1100,569,0.0,152,80,0.0,0.0,0.0,0.0,40.0
2015-05-08,1181,534,0.0,170,63,0.0,0.0,0.0,0.0,40.0
2015-05-09,916,555,0.0,94,45,0.0,0.0,0.0,0.0,40.0
2015-05-10,828,597,3.0,79,63,1.0,0.0,0.0,0.0,40.0
2015-05-11,1127,540,0.0,125,73,0.0,0.0,0.0,0.0,40.0
2015-05-12,1162,707,0.0,150,88,0.0,0.0,1.0,0.0,40.0
2015-05-13,1100,672,1.0,111,69,0.0,0.0,0.0,0.0,40.0
2015-05-14,1036,563,0.0,127,67,0.0,0.0,0.0,0.0,40.0
2015-05-15,1174,628,0.0,117,64,0.0,0.0,1.0,0.0,40.0
2015-05-16,1018,642,4.0,118,65,2.0,0.0,0.0,0.0,40.0
2015-05-17,1051,932,6.0,143,120,0.0,1.0,0.0,0.0,40.0
2015-05-18,1170,647,0.0,158,96,0.0,2.0,0.0,0.0,40.0
2015-05-19,1233,706,3.0,186,109,0.0,1.0,0.0,0.0,40.0
2015-05-20,1137,697,2.0,125,65,0.0,0.0,0.0,0.0,40.0
2015-05-21,1163,624,2.0,147,82,1.0,1.0,1.0,0.0,40.0
2015-05-22,1085,596,1.0,112,71,0.0,0.0,0.0,0.0,40.0
2015-05-23,970,585,0.0,121,67,0.0,0.0,0.0,0.0,40.0
2015-05-24,867,761,1.0,84,80,0.0,0.0,0.0,0.0,40.0
2015-05-25,1051,584,0.0,121,78,0.0,0.0,0.0,0.0,40.0
2015-05-26,1076,573,3.0,137,76,0.0,1.0,1.0,0.0,40.0
2015-05-27,1155,626,2.0,153,101,1.0,1.0,0.0,0.0,40.0
2015-05-28,1110,558,4.0,141,70,2.0,0.0,0.0,0.0,40.0
2015-05-29,1087,522,2.0,129,59,0.0,0.0,0.0,0.0,40.0
2015-05-30,927,570,4.0,107,56,0.0,0.0,0.0,0.0,40.0
2015-05-31,904,697,5.0,100,84,0.0,0.0,0.0,0.0,40.0
2015-06-01,1077,550,5.0,171,87,0.0,0.0,0.0,0.0,40.0
2015-06-02,1215,595,3.0,129,61,0.0,0.0,0.0,0.0,40.0
2015-06-03,1135,547,1.0,113,52,0.0,0.0,0.0,0.0,40.0
2015-06-04,900,635,8.0,120,76,0.0,1.0,0.0,0.0,40.0
2015-06-05,1066,492,1.0,132,79,0.0,0.0,0.0,0.0,40.0
2015-06-06,878,547,2.0,84,41,0.0,0.0,0.0,0.0,40.0
2015-06-07,835,726,3.0,92,73,1.0,0.0,0.0,0.0,40.0
2015-06-08,1023,518,0.0,91,50,0.0,0.0,0.0,0.0,40.0
2015-06-09,1217,589,0.0,152,82,0.0,0.0,1.0,0.0,40.0
2015-06-10,1110,520,0.0,164,82,0.0,0.0,0.0,0.0,40.0
2015-06-11,1063,499,0.0,129,71,0.0,0.0,0.0,0.0,40.0
2015-06-12,1126,470,0.0,158,46,0.0,1.0,0.0,0.0,40.0
2015-06-13,819,516,0.0,85,39,0.0,0.0,0.0,0.0,40.0
2015-06-14,751,638,1.0,86,65,0.0,0.0,0.0,0.0,40.0
2015-06-15,1069,595,1.0,142,88,0.0,0.0,0.0,0.0,40.0
2015-06-16,1060,540,1.0,155,68,1.0,0.0,2.0,0.0,40.0
2015-06-17,1139,580,0.0,125,80,0.0,0.0,0.0,0.0,40.0
2015-06-18,1162,579,3.0,165,49,2.0,0.0,0.0,0.0,40.0
2015-06-19,1188,518,0.0,203,80,0.0,0.0,0.0,0.0,40.0
2015-06-20,856,562,3.0,131,58,0.0,1.0,1.0,0.0,40.0
2015-06-21,921,709,2.0,115,91,1.0,0.0,0.0,0.0,40.0
2015-06-22,1069,510,0.0,130,50,0.0,0.0,0.0,0.0,40.0
2015-06-23,1272,619,0.0,158,62,0.0,1.0,0.0,0.0,40.0
2015-06-24,1232,600,0.0,177,74,0.0,0.0,0.0,0.0,40.0
2015-06-25,963,449,0.0,111,50,0.0,0.0,0.0,0.0,40.0
2015-06-26,1195,493,0.0,116,56,0.0,1.0,0.0,0.0,40.0
2015-06-27,858,468,5.0,108,37,0.0,0.0,0.0,0.0,40.0
2015-06-28,849,653,4.0,86,57,0.0,1.0,1.0,0.0,40.0
2015-06-29,1140,580,0.0,142,64,0.0,0.0,0.0,0.0,40.0
2015-06-30,1098,566,2.0,138,73,0.0,11.0,5.0,0.0,40.0
2015-07-01,1161,594,0.0,169,76,1.0,2.0,1.0,0.0,40.0
2015-07-02,1133,548,7.0,188,75,0.0,2.0,2.0,0.0,40.0
2015-07-03,973,468,3.0,137,53,0.0,0.0,2.0,0.0,40.0
2015-07-04,758,425,2.0,124,57,1.0,0.0,1.0,0.0,40.0
2015-07-05,475,279,1.0,79,37,0.0,0.0,1.0,0.0,40.0
2015-07-06,1027,525,0.0,196,88,0.0,0.0,0.0,0.0,40.0
2015-07-07,1253,618,2.0,213,89,1.0,1.0,0.0,0.0,40.0
2015-07-08,1109,565,0.0,182,88,0.0,0.0,0.0,0.0,40.0
2015-07-09,1137,543,2.0,182,93,0.0,0.0,0.0,0.0,40.0
2015-07-10,1006,476,1.0,130,64,2.0,0.0,0.0,0.0,40.0
2015-07-11,822,497,1.0,102,39,0.0,0.0,0.0,0.0,40.0
2015-07-12,795,703,5.0,104,61,0.0,1.0,0.0,0.0,40.0
2015-07-13,1036,572,1.0,83,49,0.0,0.0,0.0,0.0,40.0
2015-07-14,1197,685,3.0,119,59,2.0,1.0,0.0,0.0,40.0
2015-07-15,1187,622,1.0,154,72,0.0,0.0,0.0,0.0,40.0
2015-07-16,1051,557,3.0,126,54,1.0,1.0,0.0,0.0,40.0
2015-07-17,838,431,0.0,112,43,0.0,0.0,1.0,0.0,40.0
2015-07-18,787,505,7.0,119,54,1.0,0.0,1.0,0.0,40.0
2015-07-19,821,671,2.0,74,45,0.0,0.0,0.0,0.0,40.0
2015-07-20,1020,528,2.0,106,69,0.0,1.0,1.0,0.0,40.0
2015-07-21,1054,576,1.0,122,54,0.0,0.0,0.0,0.0,40.0
2015-07-22,1031,566,1.0,110,59,0.0,0.0,1.0,0.0,40.0
2015-07-23,958,552,1.0,116,60,0.0,0.0,0.0,0.0,40.0
2015-07-24,997,522,1.0,121,77,0.0,0.0,0.0,0.0,40.0
2015-07-25,776,507,1.0,116,52,0.0,0.0,0.0,0.0,40.0
2015-07-26,777,574,3.0,92,66,0.0,0.0,0.0,0.0,40.0
2015-07-27,1026,505,1.0,120,44,0.0,0.0,0.0,0.0,40.0
2015-07-28,1061,494,0.0,118,44,0.0,0.0,0.0,0.0,40.0
2015-07-29,1113,553,5.0,133,60,0.0,0.0,0.0,0.0,40.0
2015-07-30,1121,541,0.0,105,41,0.0,0.0,0.0,0.0,40.0
2015-07-31,1036,506,0.0,116,56,0.0,0.0,0.0,0.0,40.0
2015-08-01,757,508,3.0,95,52,0.0,0.0,0.0,0.0,40.0
2015-08-02,696,549,2.0,92,74,1.0,0.0,0.0,0.0,40.0
2015-08-03,999,470,1.0,107,45,0.0,0.0,0.0,0.0,40.0
2015-08-04,1127,463,0.0,128,49,0.0,0.0,0.0,0.0,40.0
2015-08-05,1152,541,0.0,146,56,0.0,0.0,0.0,0.0,40.0
2015-08-06,1055,542,0.0,134,67,0.0,0.0,0.0,0.0,40.0
2015-08-07,1067,447,1.0,130,66,0.0,0.0,0.0,0.0,40.0
2015-08-08,725,436,8.0,91,62,1.0,0.0,0.0,0.0,40.0
2015-08-09,724,531,0.0,86,53,0.0,0.0,1.0,0.0,40.0
2015-08-10,1127,505,0.0,110,47,0.0,0.0,0.0,0.0,40.0
2015-08-11,1085,500,1.0,103,48,2.0,1.0,0.0,0.0,40.0
2015-08-12,1090,489,1.0,115,55,0.0,0.0,0.0,0.0,40.0
2015-08-13,1098,488,1.0,116,40,0.0,0.0,0.0,0.0,40.0
2015-08-14,1075,502,0.0,108,40,0.0,0.0,0.0,0.0,40.0
2015-08-15,729,487,4.0,92,63,0.0,0.0,1.0,0.0,40.0
2015-08-16,836,619,2.0,90,42,0.0,0.0,0.0,0.0,40.0
2015-08-17,901,403,0.0,93,64,0.0,0.0,0.0,0.0,40.0
2015-08-18,1154,570,0.0,129,51,0.0,0.0,0.0,0.0,40.0
2015-08-19,1113,573,1.0,125,51,0.0,1.0,1.0,0.0,40.0
2015-08-20,1150,524,1.0,142,49,0.0,0.0,0.0,0.0,40.0
2015-08-21,1137,543,1.0,144,64,0.0,0.0,0.0,0.0,40.0
2015-08-22,715,444,3.0,69,39,0.0,0.0,0.0,0.0,40.0
2015-08-23,765,632,2.0,78,70,0.0,0.0,0.0,0.0,40.0
2015-08-24,1079,482,0.0,123,71,0.0,0.0,0.0,0.0,40.0
2015-08-25,1171,576,2.0,113,63,0.0,0.0,0.0,0.0,40.0
2015-08-26,1144,580,1.0,132,57,0.0,0.0,0.0,0.0,40.0
2015-08-27,1183,521,0.0,164,84,0.0,0.0,0.0,0.0,40.0
2015-08-28,1026,521,0.0,127,58,0.0,0.0,0.0,0.0,40.0
2015-08-29,780,422,1.0,109,54,0.0,0.0,0.0,0.0,40.0
2015-08-30,847,615,1.0,132,67,0.0,0.0,0.0,0.0,40.0
2015-08-31,279,128,1.0,71,26,0.0,24.0,14.0,0.0,40.0
2015-09-01,530,261,1.0,79,48,0.0,0.0,0.0,0.0,40.0
2015-09-02,985,445,2.0,123,35,0.0,0.0,1.0,0.0,40.0
2015-09-03,1065,493,2.0,97,61,0.0,1.0,0.0,0.0,40.0
2015-09-04,970,475,2.0,122,48,0.0,0.0,0.0,0.0,40.0
2015-09-05,713,419,1.0,77,54,0.0,0.0,1.0,0.0,40.0
2015-09-06,727,635,3.0,88,73,0.0,0.0,0.0,0.0,40.0
2015-09-07,714,490,3.0,64,41,2.0,1.0,0.0,0.0,40.0
2015-09-08,1021,525,1.0,158,81,0.0,0.0,0.0,0.0,40.0
2015-09-09,982,468,2.0,139,86,0.0,1.0,0.0,0.0,40.0
2015-09-10,1093,542,1.0,137,66,0.0,0.0,0.0,0.0,40.0
2015-09-11,1019,430,1.0,140,61,1.0,1.0,0.0,0.0,40.0
2015-09-12,804,455,1.0,81,39,0.0,0.0,1.0,0.0,40.0
2015-09-13,777,700,1.0,110,74,0.0,0.0,0.0,0.0,40.0
2015-09-14,1120,463,0.0,125,44,0.0,0.0,0.0,0.0,40.0
2015-09-15,1199,523,2.0,144,91,1.0,1.0,0.0,0.0,40.0
2015-09-16,1068,557,0.0,119,60,0.0,0.0,0.0,0.0,40.0
2015-09-17,1066,510,4.0,113,88,0.0,0.0,0.0,0.0,40.0
2015-09-18,1018,494,2.0,113,46,0.0,0.0,0.0,0.0,40.0
2015-09-19,747,421,2.0,92,32,0.0,2.0,0.0,0.0,40.0
2015-09-20,859,685,0.0,113,93,0.0,0.0,1.0,0.0,40.0
2015-09-21,997,474,0.0,113,65,0.0,1.0,0.0,0.0,40.0
2015-09-22,1193,566,2.0,120,55,0.0,0.0,0.0,0.0,40.0
2015-09-23,1072,529,0.0,136,71,0.0,1.0,0.0,0.0,40.0
2015-09-24,1106,519,3.0,177,71,1.0,0.0,0.0,0.0,40.0
2015-09-25,968,461,3.0,147,77,0.0,0.0,0.0,0.0,40.0
2015-09-26,803,432,3.0,104,49,1.0,0.0,0.0,0.0,40.0
2015-09-27,813,702,3.0,100,74,0.0,0.0,0.0,0.0,40.0
2015-09-28,987,485,3.0,96,41,0.0,0.0,2.0,0.0,40.0
2015-09-29,1084,493,6.0,102,65,0.0,1.0,0.0,0.0,40.0
2015-09-30,1126,515,4.0,133,82,1.0,0.0,0.0,0.0,40.0
2015-10-01,1201,510,4.0,126,74,0.0,0.0,1.0,0.0,40.0
2015-10-02,1088,490,5.0,121,48,0.0,0.0,1.0,0.0,40.0
2015-10-03,785,451,6.0,62,50,0.0,1.0,1.0,0.0,40.0
2015-10-04,763,623,5.0,80,65,0.0,0.0,0.0,0.0,40.0
2015-10-05,1038,494,6.0,104,53,0.0,0.0,1.0,0.0,40.0
2015-10-06,1112,495,4.0,119,57,0.0,1.0,0.0,0.0,40.0
2015-10-07,1126,528,3.0,118,52,0.0,0.0,0.0,0.0,40.0
2015-10-08,1113,485,0.0,111,55,0.0,0.0,1.0,0.0,40.0
2015-10-09,981,436,4.0,129,59,0.0,1.0,0.0,0.0,40.0
2015-10-10,708,389,1.0,69,35,0.0,1.0,0.0,0.0,40.0
2015-10-11,729,589,1.0,75,64,0.0,1.0,0.0,0.0,40.0
2015-10-12,738,599,0.0,93,61,0.0,1.0,0.0,0.0,40.0
2015-10-13,1079,511,4.0,139,55,0.0,0.0,1.0,0.0,40.0
2015-10-14,1120,515,5.0,125,58,0.0,0.0,0.0,0.0,40.0
2015-10-15,1030,486,4.0,113,51,0.0,0.0,0.0,0.0,40.0
2015-10-16,1065,509,1.0,127,52,0.0,0.0,1.0,0.0,40.0
2015-10-17,707,365,0.0,77,40,0.0,0.0,0.0,0.0,40.0
2015-10-18,746,579,0.0,97,62,0.0,1.0,0.0,0.0,40.0
2015-10-19,943,481,1.0,78,62,0.0,0.0,0.0,0.0,40.0
2015-10-20,1142,472,1.0,132,61,0.0,0.0,0.0,0.0,40.0
2015-10-21,1072,514,1.0,107,61,0.0,0.0,0.0,0.0,40.0
2015-10-22,1051,490,1.0,153,85,0.0,2.0,0.0,0.0,40.0
2015-10-23,1051,492,1.0,162,77,0.0,1.0,1.0,0.0,40.0
2015-10-24,731,385,2.0,117,65,0.0,0.0,0.0,0.0,44.0
2015-10-25,772,586,0.0,126,86,0.0,0.0,0.0,0.0,44.0
2015-10-26,1043,481,0.0,187,83,0.0,0.0,0.0,0.0,44.0
2015-10-27,1138,491,0.0,225,79,0.0,2.0,0.0,0.0,44.0
2015-10-28,1125,527,2.0,209,97,0.0,2.0,0.0,0.0,44.0
2015-10-29,1084,509,0.0,204,91,0.0,3.0,1.0,0.0,44.0
2015-10-30,1071,515,0.0,172,60,0.0,1.0,1.0,0.0,44.0
2015-10-31,842,489,1.0,130,60,1.0,1.0,0.0,0.0,51.0
2015-11-01,738,538,2.0,110,95,0.0,0.0,1.0,0.0,51.0
2015-11-02,926,682,0.0,115,77,0.0,1.0,1.0,0.0,51.0
2015-11-03,1152,587,0.0,203,85,0.0,1.0,0.0,0.0,51.0
2015-11-04,1237,650,1.0,200,121,0.0,1.0,0.0,0.0,51.0
2015-11-05,1357,662,0.0,247,113,0.0,1.0,0.0,0.0,51.0
2015-11-06,1262,575,0.0,266,122,0.0,1.0,0.0,0.0,52.0
2015-11-07,1052,604,2.0,148,96,0.0,0.0,0.0,0.0,52.0
2015-11-08,910,674,1.0,126,87,0.0,1.0,0.0,0.0,52.0
2015-11-09,1282,682,1.0,195,90,0.0,0.0,1.0,0.0,52.0
2015-11-10,1452,711,2.0,221,100,0.0,1.0,1.0,0.0,52.0
2015-11-11,1282,685,0.0,216,102,0.0,1.0,0.0,0.0,52.0
2015-11-12,1549,769,1.0,231,116,0.0,1.0,0.0,0.0,58.0
2015-11-13,1480,826,0.0,235,136,0.0,1.0,0.0,0.0,58.0
2015-11-14,1161,663,2.0,200,105,0.0,1.0,0.0,0.0,58.0
2015-11-15,1017,815,0.0,175,115,0.0,0.0,0.0,0.0,58.0
2015-11-16,1530,742,3.0,253,135,0.0,0.0,0.0,0.0,58.0
2015-11-17,1571,822,1.0,263,163,0.0,1.0,0.0,0.0,58.0
2015-11-18,1598,785,1.0,325,161,0.0,0.0,0.0,0.0,58.0
2015-11-19,1592,806,0.0,352,124,0.0,2.0,0.0,0.0,58.0
2015-11-20,1586,755,0.0,299,144,0.0,0.0,0.0,0.0,58.0
2015-11-21,1162,731,3.0,216,118,0.0,2.0,0.0,0.0,58.0
2015-11-22,1108,740,1.0,209,118,0.0,0.0,0.0,0.0,58.0
2015-11-23,1577,806,0.0,250,132,0.0,2.0,0.0,0.0,60.0
2015-11-24,1741,816,1.0,264,114,0.0,0.0,0.0,0.0,60.0
2015-11-25,1624,877,1.0,211,120,0.0,2.0,0.0,0.0,60.0
2015-11-26,1711,779,0.0,276,118,0.0,0.0,0.0,0.0,60.0
2015-11-27,1594,668,0.0,196,90,0.0,0.0,1.0,0.0,60.0
2015-11-28,1025,512,0.0,149,83,0.0,0.0,0.0,0.0,60.0
2015-11-29,1071,670,1.0,137,100,0.0,0.0,1.0,0.0,60.0
2015-11-30,1567,731,1.0,213,116,0.0,0.0,0.0,0.0,60.0
2015-12-01,1660,802,0.0,286,112,0.0,0.0,0.0,0.0,60.0
2015-12-02,1568,779,0.0,257,143,0.0,0.0,0.0,0.0,60.0
2015-12-03,1606,741,0.0,306,102,0.0,0.0,0.0,0.0,60.0
2015-12-04,1520,654,0.0,258,130,0.0,0.0,1.0,0.0,60.0
2015-12-05,1072,595,1.0,158,88,0.0,0.0,0.0,0.0,60.0
2015-12-06,900,647,1.0,165,107,0.0,0.0,0.0,0.0,60.0
2015-12-07,1454,756,0.0,254,135,0.0,0.0,0.0,0.0,60.0
2015-12-08,1590,762,1.0,316,144,0.0,0.0,0.0,0.0,60.0
2015-12-09,1583,719,0.0,248,141,0.0,0.0,0.0,0.0,60.0
2015-12-10,1482,638,0.0,190,82,0.0,0.0,0.0,0.0,60.0
2015-12-11,1457,578,0.0,242,82,0.0,0.0,0.0,0.0,60.0
2015-12-12,1074,511,2.0,168,89,0.0,1.0,0.0,0.0,60.0
2015-12-13,837,549,0.0,167,119,0.0,0.0,0.0,0.0,60.0
2015-12-14,1323,652,1.0,336,128,1.0,0.0,0.0,0.0,60.0
2015-12-15,1427,681,0.0,250,142,0.0,0.0,0.0,0.0,60.0
2015-12-16,1360,685,0.0,190,84,0.0,0.0,0.0,0.0,60.0
2015-12-17,1374,631,1.0,134,80,0.0,0.0,0.0,0.0,60.0
2015-12-18,1226,600,2.0,168,70,0.0,0.0,0.0,0.0,60.0
2015-12-19,895,436,0.0,119,46,0.0,0.0,0.0,0.0,60.0
2015-12-20,812,566,4.0,99,60,1.0,0.0,0.0,0.0,60.0
2015-12-21,1270,575,1.0,143,62,0.0,0.0,0.0,0.0,60.0
2015-12-22,1195,609,1.0,115,53,0.0,0.0,0.0,0.0,60.0
2015-12-23,1179,567,0.0,141,59,0.0,1.0,0.0,0.0,60.0
2015-12-24,600,288,0.0,72,32,0.0,0.0,0.0,0.0,60.0
2015-12-25,630,392,3.0,78,43,0.0,0.0,0.0,0.0,60.0
2015-12-26,822,488,0.0,95,51,0.0,1.0,0.0,0.0,60.0
2015-12-27,867,578,3.0,106,66,0.0,0.0,0.0,0.0,60.0
2015-12-28,1063,574,0.0,131,61,0.0,0.0,0.0,0.0,60.0
2015-12-29,1193,663,1.0,131,58,0.0,0.0,1.0,0.0,60.0
2015-12-30,1140,586,3.0,110,46,0.0,0.0,0.0,0.0,60.0
2015-12-31,645,293,0.0,53,23,0.0,2.0,1.0,0.0,60.0
2016-01-01,540,352,1.0,67,31,0.0,1.0,1.0,0.0,60.0
2016-01-02,841,479,4.0,120,62,0.0,1.0,0.0,0.0,60.0
2016-01-03,844,582,2.0,107,60,0.0,0.0,0.0,0.0,60.0
2016-01-04,1229,582,0.0,186,80,0.0,1.0,0.0,0.0,60.0
2016-01-05,1367,719,6.0,163,88,0.0,0.0,0.0,0.0,60.0
2016-01-06,1385,659,2.0,185,92,0.0,0.0,0.0,0.0,60.0
2016-01-07,1131,524,2.0,116,63,0.0,1.0,0.0,0.0,60.0
2016-01-08,889,407,1.0,101,45,0.0,0.0,0.0,0.0,60.0
2016-01-09,820,451,0.0,90,61,0.0,1.0,1.0,0.0,60.0
2016-01-10,845,489,2.0,101,56,0.0,0.0,0.0,0.0,60.0
2016-01-11,1292,694,1.0,187,84,0.0,2.0,0.0,0.0,60.0
2016-01-12,1323,695,0.0,165,112,0.0,1.0,0.0,0.0,60.0
2016-01-13,1240,648,0.0,182,72,0.0,1.0,0.0,0.0,60.0
2016-01-14,1226,639,0.0,212,104,0.0,3.0,5.0,0.0,60.0
2016-01-15,1139,520,2.0,184,92,0.0,1.0,2.0,0.0,60.0
2016-01-16,848,444,0.0,121,69,0.0,0.0,1.0,0.0,60.0
2016-01-17,877,573,0.0,131,81,0.0,1.0,0.0,0.0,60.0
2016-01-18,1295,593,0.0,177,96,0.0,1.0,2.0,0.0,60.0
2016-01-19,1126,533,0.0,188,91,0.0,6.0,1.0,0.0,60.0
2016-01-20,1058,433,0.0,128,70,0.0,4.0,1.0,0.0,60.0
2016-01-21,576,213,0.0,134,44,0.0,3.0,2.0,0.0,60.0
2016-01-22,1059,507,1.0,172,81,0.0,1.0,0.0,0.0,60.0
2016-01-23,695,357,0.0,113,53,0.0,3.0,0.0,0.0,60.0
2016-01-24,568,352,0.0,66,46,0.0,0.0,2.0,0.0,60.0
2016-01-25,856,369,0.0,96,40,0.0,5.0,3.0,0.0,60.0
2016-01-26,1061,528,0.0,151,76,0.0,4.0,1.0,0.0,60.0
2016-01-27,1183,568,1.0,144,102,0.0,1.0,0.0,0.0,60.0
2016-01-28,1146,534,3.0,151,56,0.0,1.0,2.0,0.0,60.0
2016-01-29,1240,520,1.0,113,40,0.0,2.0,0.0,0.0,60.0
2016-01-30,851,461,3.0,64,38,0.0,0.0,0.0,0.0,60.0
2016-01-31,639,453,1.0,47,35,0.0,0.0,1.0,0.0,60.0
2016-02-01,795,273,2.0,65,25,0.0,1.0,1.0,0.0,60.0
2016-02-02,1137,504,3.0,150,58,0.0,2.0,1.0,0.0,60.0
2016-02-03,1172,532,5.0,94,38,0.0,0.0,1.0,0.0,60.0
2016-02-04,1084,463,0.0,132,38,0.0,0.0,0.0,0.0,60.0
2016-02-05,1066,406,2.0,105,49,0.0,1.0,1.0,0.0,60.0
2016-02-06,631,351,0.0,55,21,0.0,0.0,0.0,0.0,60.0
2016-02-07,524,305,2.0,63,22,0.0,2.0,0.0,0.0,60.0
2016-02-08,532,335,0.0,47,29,0.0,0.0,0.0,0.0,60.0
2016-02-09,628,417,1.0,43,28,0.0,1.0,1.0,0.0,60.0
2016-02-10,614,306,1.0,36,23,0.0,3.0,0.0,0.0,60.0
2016-02-11,1105,444,1.0,101,49,0.0,0.0,0.0,0.0,60.0
2016-02-12,1136,470,1.0,87,19,0.0,0.0,0.0,0.0,60.0
2016-02-13,873,417,0.0,57,36,0.0,0.0,0.0,0.0,60.0
2016-02-14,727,513,2.0,53,30,0.0,0.0,2.0,0.0,60.0
2016-02-15,1153,463,2.0,66,35,0.0,5.0,1.0,0.0,60.0
2016-02-16,1232,503,1.0,68,36,0.0,0.0,0.0,0.0,60.0
2016-02-17,1192,531,0.0,66,25,0.0,4.0,0.0,0.0,60.0
2016-02-18,1073,483,0.0,64,38,0.0,0.0,0.0,0.0,60.0
2016-02-19,1118,491,0.0,88,42,0.0,0.0,0.0,0.0,60.0
2016-02-20,589,268,1.0,49,12,0.0,1.0,0.0,0.0,60.0
2016-02-21,705,484,1.0,56,60,0.0,1.0,1.0,0.0,60.0
2016-02-22,1060,475,0.0,108,66,0.0,3.0,2.0,0.0,60.0
2016-02-23,1047,405,1.0,77,27,0.0,0.0,0.0,0.0,60.0
2016-02-24,1187,471,2.0,131,46,1.0,0.0,0.0,0.0,61.0
2016-02-25,1233,535,2.0,143,55,0.0,1.0,0.0,0.0,61.0
2016-02-26,1149,507,1.0,95,44,0.0,1.0,0.0,0.0,61.0
2016-02-27,808,375,3.0,38,28,0.0,1.0,0.0,0.0,61.0
2016-02-28,636,427,2.0,67,29,0.0,1.0,0.0,0.0,61.0
2016-02-29,1244,527,1.0,75,36,0.0,2.0,0.0,0.0,61.0
2016-03-01,1272,503,0.0,73,34,0.0,0.0,0.0,0.0,61.0
2016-03-02,1230,528,2.0,57,40,0.0,0.0,0.0,0.0,61.0
2016-03-03,1174,480,5.0,81,33,0.0,0.0,0.0,0.0,61.0
2016-03-04,1121,468,0.0,93,50,0.0,0.0,0.0,0.0,61.0
2016-03-05,838,412,0.0,53,25,0.0,0.0,0.0,0.0,61.0
2016-03-06,731,487,0.0,70,33,0.0,0.0,0.0,0.0,61.0
2016-03-07,1144,483,1.0,90,46,0.0,0.0,0.0,0.0,61.0
2016-03-08,1167,487,0.0,108,50,0.0,3.0,0.0,0.0,61.0
2016-03-09,1199,549,0.0,139,47,0.0,0.0,0.0,0.0,61.0
2016-03-10,1115,488,2.0,132,76,0.0,0.0,0.0,0.0,61.0
2016-03-11,1107,483,1.0,86,62,0.0,1.0,0.0,0.0,61.0
2016-03-12,773,422,2.0,74,33,0.0,0.0,1.0,0.0,61.0
2016-03-13,682,394,0.0,102,48,0.0,1.0,1.0,0.0,61.0
2016-03-14,1045,431,0.0,122,33,0.0,2.0,1.0,0.0,61.0
2016-03-15,1215,493,0.0,91,30,0.0,1.0,0.0,0.0,61.0
2016-03-16,1225,526,0.0,100,39,0.0,0.0,0.0,0.0,61.0
2016-03-17,823,295,1.0,70,30,0.0,0.0,0.0,0.0,61.0
2016-03-18,1220,464,0.0,138,36,0.0,0.0,0.0,0.0,61.0
2016-03-19,800,418,0.0,87,44,0.0,0.0,0.0,0.0,61.0
2016-03-20,818,458,1.0,69,44,0.0,1.0,0.0,0.0,61.0
2016-03-21,1319,546,0.0,140,63,0.0,0.0,0.0,0.0,61.0
2016-03-22,1346,572,1.0,106,47,0.0,2.0,0.0,0.0,61.0
2016-03-23,1286,545,1.0,96,60,0.0,1.0,1.0,0.0,61.0
2016-03-24,961,444,1.0,97,40,0.0,0.0,0.0,0.0,61.0
2016-03-25,659,412,1.0,64,24,0.0,0.0,0.0,0.0,61.0
2016-03-26,768,421,0.0,54,39,0.0,2.0,1.0,0.0,61.0
2016-03-27,534,369,0.0,40,34,0.0,1.0,2.0,0.0,61.0
2016-03-28,1192,518,0.0,109,50,0.0,6.0,2.0,0.0,61.0
2016-03-29,998,432,0.0,103,56,0.0,0.0,0.0,0.0,61.0
2016-03-30,924,409,0.0,111,41,0.0,0.0,1.0,0.0,61.0
2016-03-31,829,360,0.0,105,57,0.0,0.0,0.0,0.0,61.0
2016-04-01,797,280,2.0,77,33,1.0,4.0,2.0,0.0,61.0
2016-04-02,527,217,0.0,67,28,0.0,0.0,1.0,0.0,61.0
2016-04-03,299,179,1.0,44,34,0.0,0.0,0.0,0.0,61.0
2016-04-04,1037,416,0.0,134,72,0.0,1.0,1.0,0.0,61.0
2016-04-05,1036,416,1.0,149,75,0.0,3.0,0.0,0.0,61.0
2016-04-06,1179,473,1.0,142,64,0.0,2.0,1.0,0.0,61.0
2016-04-07,1193,475,1.0,111,56,0.0,1.0,0.0,0.0,61.0
2016-04-08,1192,498,0.0,114,49,0.0,1.0,0.0,0.0,61.0
2016-04-09,835,412,0.0,136,47,0.0,4.0,1.0,0.0,61.0
2016-04-10,656,449,0.0,113,65,0.0,3.0,0.0,0.0,61.0
2016-04-11,1057,424,0.0,165,77,0.0,0.0,1.0,0.0,61.0
2016-04-12,1212,556,1.0,138,56,0.0,0.0,1.0,0.0,61.0
2016-04-13,1180,543,0.0,131,61,0.0,2.0,1.0,0.0,61.0
2016-04-14,1161,515,0.0,172,66,0.0,0.0,0.0,0.0,61.0
2016-04-15,1256,548,0.0,136,90,0.0,0.0,1.0,0.0,61.0
2016-04-16,836,417,1.0,104,50,0.0,1.0,0.0,0.0,61.0
2016-04-17,655,403,1.0,78,40,0.0,2.0,1.0,0.0,61.0
2016-04-18,1173,495,0.0,155,64,0.0,6.0,4.0,0.0,62.0
2016-04-19,1354,604,0.0,128,60,0.0,1.0,2.0,0.0,69.0
2016-04-20,1416,566,0.0,121,41,0.0,0.0,0.0,0.0,69.0
2016-04-21,1070,652,2.0,113,66,0.0,2.0,1.0,0.0,69.0
2016-04-22,717,294,0.0,74,27,0.0,2.0,0.0,0.0,69.0
2016-04-23,976,542,1.0,100,67,0.0,1.0,0.0,0.0,69.0
2016-04-24,865,603,1.0,78,54,0.0,3.0,0.0,0.0,69.0
2016-04-25,1323,596,4.0,122,58,0.0,2.0,1.0,0.0,69.0
2016-04-26,1266,582,0.0,113,53,0.0,1.0,0.0,0.0,69.0
2016-04-27,1394,623,0.0,104,48,0.0,0.0,0.0,0.0,69.0
2016-04-28,1356,614,0.0,133,69,0.0,1.0,1.0,0.0,69.0
2016-04-29,1173,530,0.0,121,58,0.0,1.0,0.0,0.0,69.0
2016-04-30,980,465,0.0,81,40,0.0,2.0,0.0,0.0,69.0
2016-05-01,899,601,0.0,86,57,0.0,0.0,1.0,0.0,69.0
2016-05-02,1388,619,0.0,130,69,0.0,0.0,2.0,0.0,74.0
2016-05-03,1383,604,1.0,176,84,0.0,1.0,1.0,0.0,74.0
2016-05-04,1475,675,0.0,177,70,0.0,0.0,0.0,0.0,74.0
2016-05-05,1487,689,2.0,143,71,0.0,0.0,0.0,0.0,74.0
2016-05-06,1598,639,0.0,171,73,0.0,2.0,1.0,0.0,74.0
2016-05-07,1095,595,0.0,127,58,0.0,3.0,4.0,0.0,74.0
2016-05-08,818,514,1.0,87,78,0.0,1.0,0.0,0.0,74.0
2016-05-09,1429,594,0.0,166,67,0.0,1.0,0.0,0.0,74.0
2016-05-10,1640,737,0.0,174,77,0.0,1.0,2.0,0.0,74.0
2016-05-11,1426,622,0.0,170,67,0.0,2.0,0.0,0.0,74.0
2016-05-12,1484,595,0.0,166,63,0.0,1.0,0.0,0.0,74.0
2016-05-13,1577,673,2.0,269,108,1.0,1.0,0.0,0.0,74.0
2016-05-14,1169,599,4.0,165,77,0.0,1.0,0.0,0.0,74.0
2016-05-15,1067,676,1.0,108,58,0.0,1.0,0.0,0.0,74.0
2016-05-16,1616,780,1.0,184,87,0.0,1.0,1.0,0.0,74.0
2016-05-17,1808,884,1.0,214,128,0.0,0.0,2.0,0.0,74.0
2016-05-18,1533,771,0.0,210,90,0.0,1.0,2.0,0.0,74.0
2016-05-19,1695,788,1.0,233,138,0.0,2.0,1.0,0.0,74.0
2016-05-20,1574,705,1.0,155,75,0.0,0.0,1.0,0.0,74.0
2016-05-21,1145,624,5.0,162,66,0.0,2.0,1.0,0.0,74.0
2016-05-22,1058,774,2.0,129,123,1.0,1.0,0.0,0.0,74.0
2016-05-23,1530,753,0.0,158,126,0.0,2.0,1.0,0.0,74.0
2016-05-24,1567,798,0.0,168,93,0.0,5.0,0.0,0.0,74.0
2016-05-25,1531,735,0.0,167,92,0.0,0.0,2.0,0.0,74.0
2016-05-26,1134,803,0.0,123,86,0.0,0.0,0.0,0.0,74.0
2016-05-27,1395,693,0.0,127,52,0.0,4.0,0.0,0.0,74.0
2016-05-28,1011,639,2.0,95,78,0.0,0.0,1.0,0.0,74.0
2016-05-29,977,745,1.0,143,120,1.0,1.0,0.0,0.0,74.0
2016-05-30,1504,706,0.0,207,91,0.0,1.0,0.0,0.0,74.0
2016-05-31,1413,685,1.0,266,100,1.0,1.0,0.0,0.0,74.0
2016-06-01,1402,688,1.0,298,121,0.0,1.0,1.0,0.0,74.0
2016-06-02,1351,646,1.0,208,104,0.0,4.0,0.0,0.0,78.0
2016-06-03,1354,646,1.0,222,92,1.0,2.0,1.0,0.0,80.0
2016-06-04,1121,605,0.0,190,82,0.0,2.0,0.0,0.0,80.0
2016-06-05,1205,801,0.0,155,117,0.0,0.0,2.0,0.0,80.0
2016-06-06,1488,783,1.0,273,171,0.0,1.0,3.0,0.0,80.0
2016-06-07,1730,810,1.0,240,102,0.0,0.0,0.0,0.0,80.0
2016-06-08,1588,858,2.0,218,104,0.0,3.0,1.0,0.0,80.0
2016-06-09,1611,743,1.0,232,107,0.0,2.0,0.0,0.0,80.0
2016-06-10,1613,803,1.0,188,123,0.0,0.0,1.0,0.0,80.0
2016-06-11,1184,639,0.0,159,101,0.0,2.0,1.0,0.0,80.0
2016-06-12,977,728,1.0,141,88,0.0,0.0,1.0,0.0,80.0
2016-06-13,1513,688,3.0,179,86,0.0,4.0,1.0,0.0,80.0
2016-06-14,1740,887,1.0,228,123,0.0,2.0,1.0,0.0,80.0
2016-06-15,1683,806,2.0,240,138,0.0,0.0,0.0,0.0,80.0
2016-06-16,1658,785,3.0,231,116,0.0,3.0,1.0,0.0,80.0
2016-06-17,1588,785,5.0,183,106,0.0,0.0,0.0,0.0,80.0
2016-06-18,1211,665,3.0,206,89,0.0,0.0,1.0,0.0,80.0
2016-06-19,1100,753,3.0,152,90,0.0,1.0,1.0,0.0,80.0
2016-06-20,1664,822,2.0,195,79,0.0,0.0,1.0,0.0,80.0
2016-06-21,1536,801,2.0,163,138,0.0,2.0,0.0,0.0,80.0
2016-06-22,1613,748,1.0,245,106,0.0,3.0,1.0,0.0,80.0
2016-06-23,1521,758,1.0,216,107,0.0,4.0,0.0,0.0,80.0
2016-06-24,1452,651,0.0,192,94,0.0,3.0,3.0,0.0,80.0
2016-06-25,1045,560,2.0,114,67,0.0,0.0,3.0,0.0,80.0
2016-06-26,939,677,0.0,123,80,0.0,3.0,2.0,0.0,80.0
2016-06-27,1445,778,4.0,210,119,1.0,2.0,1.0,0.0,80.0
2016-06-28,1538,870,0.0,195,131,0.0,1.0,0.0,0.0,80.0
2016-06-29,1518,761,0.0,197,90,0.0,2.0,0.0,0.0,80.0
2016-06-30,1476,832,2.0,185,129,0.0,1.0,0.0,0.0,80.0
2016-07-01,1571,749,0.0,235,114,0.0,3.0,1.0,0.0,80.0
2016-07-02,1042,572,0.0,139,76,0.0,3.0,0.0,0.0,80.0
2016-07-03,948,756,0.0,102,74,0.0,2.0,0.0,0.0,80.0
2016-07-04,1519,778,3.0,145,78,0.0,2.0,2.0,0.0,80.0
2016-07-05,1610,858,2.0,129,72,0.0,2.0,2.0,0.0,80.0
2016-07-06,1330,617,2.0,144,77,0.0,2.0,1.0,0.0,80.0
2016-07-07,1597,842,7.0,193,81,0.0,0.0,2.0,0.0,80.0
2016-07-08,1470,715,1.0,160,85,0.0,1.0,0.0,0.0,80.0
2016-07-09,1105,648,2.0,122,80,0.0,0.0,0.0,0.0,80.0
2016-07-10,1034,702,2.0,100,77,0.0,2.0,0.0,0.0,80.0
2016-07-11,1636,821,6.0,171,95,0.0,1.0,4.0,0.0,80.0
2016-07-12,1853,951,4.0,158,106,0.0,1.0,0.0,0.0,80.0
2016-07-13,1677,864,7.0,179,83,0.0,2.0,3.0,0.0,80.0
2016-07-14,1660,883,1.0,133,71,0.0,1.0,1.0,0.0,80.0
2016-07-15,1656,795,8.0,148,74,0.0,1.0,1.0,0.0,80.0
2016-07-16,1080,622,5.0,110,60,0.0,4.0,0.0,0.0,80.0
2016-07-17,1034,735,3.0,85,77,1.0,1.0,1.0,0.0,80.0
2016-07-18,1680,872,6.0,148,74,1.0,1.0,1.0,0.0,80.0
2016-07-19,1693,879,2.0,144,96,0.0,3.0,0.0,0.0,80.0
2016-07-20,1691,878,5.0,167,76,1.0,2.0,2.0,0.0,80.0
2016-07-21,1592,845,0.0,210,104,0.0,1.0,1.0,0.0,80.0
2016-07-22,1519,737,1.0,149,79,1.0,2.0,1.0,0.0,80.0
2016-07-23,1104,658,1.0,92,53,1.0,5.0,2.0,0.0,80.0
2016-07-24,1015,746,2.0,94,67,0.0,0.0,1.0,0.0,80.0
2016-07-25,1625,860,6.0,119,71,0.0,1.0,0.0,0.0,80.0
2016-07-26,1704,876,4.0,123,52,1.0,2.0,0.0,0.0,80.0
2016-07-27,1714,832,1.0,167,95,1.0,2.0,0.0,0.0,80.0
2016-07-28,1667,864,7.0,163,88,1.0,1.0,0.0,0.0,80.0
2016-07-29,1484,743,9.0,158,78,1.0,1.0,1.0,0.0,80.0
2016-07-30,1144,657,10.0,90,79,1.0,1.0,0.0,0.0,80.0
2016-07-31,1097,739,2.0,131,75,0.0,0.0,1.0,0.0,80.0
2016-08-01,1679,810,1.0,192,108,0.0,1.0,1.0,0.0,80.0
2016-08-02,1559,877,3.0,158,90,0.0,0.0,1.0,0.0,80.0
2016-08-03,1610,901,1.0,178,100,0.0,0.0,0.0,0.0,80.0
2016-08-04,1603,849,4.0,155,95,0.0,0.0,1.0,0.0,80.0
2016-08-05,1589,759,2.0,155,59,0.0,2.0,0.0,0.0,80.0
2016-08-06,1191,686,3.0,142,75,0.0,0.0,0.0,0.0,80.0
2016-08-07,1171,790,0.0,130,83,0.0,0.0,1.0,0.0,80.0
2016-08-08,1518,765,2.0,163,85,0.0,12.0,5.0,0.0,80.0
2016-08-09,1594,855,3.0,162,95,0.0,4.0,0.0,0.0,80.0
2016-08-10,1719,860,4.0,184,91,1.0,2.0,0.0,0.0,80.0
2016-08-11,1788,873,5.0,173,82,1.0,0.0,1.0,0.0,80.0
2016-08-12,1651,826,1.0,149,79,0.0,2.0,0.0,0.0,80.0
2016-08-13,1287,734,1.0,134,62,0.0,1.0,1.0,0.0,80.0
2016-08-14,885,637,4.0,130,90,1.0,0.0,0.0,0.0,80.0
2016-08-15,1229,854,4.0,131,93,0.0,1.0,1.0,0.0,80.0
2016-08-16,1676,735,3.0,173,82,0.0,1.0,0.0,0.0,80.0
2016-08-17,1786,869,6.0,155,97,0.0,0.0,2.0,0.0,80.0
2016-08-18,1885,970,0.0,167,86,0.0,1.0,0.0,0.0,80.0
2016-08-19,1877,898,0.0,220,106,0.0,4.0,0.0,0.0,80.0
2016-08-20,1082,659,0.0,102,76,0.0,3.0,2.0,0.0,80.0
2016-08-21,1037,709,0.0,107,57,0.0,0.0,1.0,0.0,80.0
2016-08-22,1862,857,1.0,206,105,0.0,2.0,0.0,0.0,80.0
2016-08-23,1879,850,1.0,195,99,0.0,2.0,1.0,0.0,80.0
2016-08-24,1826,865,0.0,207,110,0.0,0.0,0.0,0.0,80.0
2016-08-25,1741,881,1.0,163,95,0.0,2.0,1.0,0.0,80.0
2016-08-26,1759,763,1.0,163,73,0.0,1.0,1.0,0.0,80.0
2016-08-27,1242,676,1.0,149,71,0.0,4.0,0.0,0.0,80.0
2016-08-28,1093,782,1.0,123,79,0.0,1.0,1.0,0.0,80.0
2016-08-29,1811,811,2.0,202,95,0.0,3.0,2.0,0.0,80.0
2016-08-30,1810,875,1.0,222,121,0.0,0.0,1.0,0.0,80.0
2016-08-31,1827,918,2.0,214,88,0.0,1.0,1.0,0.0,80.0
2016-09-01,1757,858,2.0,186,97,0.0,2.0,0.0,0.0,80.0
2016-09-02,1695,833,2.0,174,123,0.0,2.0,0.0,0.0,80.0
2016-09-03,1230,648,2.0,107,67,1.0,3.0,1.0,0.0,80.0
2016-09-04,1077,730,3.0,111,71,0.0,3.0,1.0,0.0,80.0
2016-09-05,1720,841,1.0,192,95,0.0,0.0,0.0,0.0,80.0
2016-09-06,1748,818,4.0,167,88,1.0,1.0,1.0,0.0,80.0
2016-09-07,1252,723,2.0,121,55,1.0,3.0,1.0,0.0,80.0
2016-09-08,1892,811,4.0,183,95,0.0,2.0,0.0,0.0,80.0
2016-09-09,1796,829,3.0,204,97,0.0,0.0,1.0,0.0,80.0
2016-09-10,1279,680,1.0,132,48,0.0,0.0,1.0,0.0,80.0
2016-09-11,1094,716,2.0,106,70,0.0,1.0,1.0,0.0,80.0
2016-09-12,1742,846,2.0,196,113,0.0,3.0,0.0,0.0,80.0
2016-09-13,1843,878,4.0,204,94,0.0,0.0,1.0,0.0,80.0
2016-09-14,1832,850,8.0,190,96,1.0,1.0,1.0,0.0,80.0
2016-09-15,1730,800,4.0,223,95,0.0,1.0,1.0,0.0,80.0
2016-09-16,1783,779,1.0,225,111,0.0,1.0,2.0,0.0,80.0
2016-09-17,1183,627,2.0,132,70,1.0,1.0,1.0,0.0,80.0
2016-09-18,1168,773,2.0,132,67,0.0,0.0,1.0,0.0,80.0
2016-09-19,1781,807,4.0,213,89,0.0,0.0,0.0,0.0,80.0
2016-09-20,1749,822,2.0,247,124,0.0,7.0,1.0,0.0,80.0
2016-09-21,1828,916,2.0,245,118,0.0,2.0,1.0,0.0,80.0
2016-09-22,1761,836,3.0,243,91,0.0,2.0,0.0,0.0,80.0
2016-09-23,1774,746,4.0,208,104,1.0,3.0,2.0,0.0,80.0
2016-09-24,1183,703,2.0,142,98,0.0,2.0,0.0,0.0,80.0
2016-09-25,1187,786,4.0,153,94,0.0,0.0,0.0,0.0,80.0
2016-09-26,1668,779,0.0,244,91,0.0,0.0,1.0,0.0,80.0
2016-09-27,1771,808,3.0,208,121,0.0,1.0,2.0,0.0,80.0
2016-09-28,1837,908,4.0,230,115,0.0,0.0,2.0,0.0,80.0
2016-09-29,1696,754,0.0,208,113,0.0,4.0,0.0,0.0,80.0
2016-09-30,1660,715,0.0,201,97,0.0,2.0,0.0,0.0,80.0
2016-10-01,1085,644,0.0,125,67,0.0,2.0,0.0,0.0,80.0
2016-10-02,930,613,1.0,100,73,0.0,0.0,1.0,0.0,80.0
2016-10-03,1591,789,2.0,180,96,0.0,2.0,2.0,0.0,80.0
2016-10-04,1724,816,0.0,225,104,0.0,0.0,0.0,0.0,80.0
2016-10-05,1637,845,2.0,217,110,0.0,3.0,0.0,0.0,80.0
2016-10-06,1581,806,3.0,201,89,0.0,1.0,0.0,0.0,80.0
2016-10-07,1659,731,0.0,164,109,0.0,2.0,2.0,0.0,80.0
2016-10-08,1242,654,2.0,147,90,0.0,1.0,0.0,0.0,80.0
2016-10-09,1080,744,4.0,111,94,0.0,1.0,0.0,0.0,80.0
2016-10-10,1570,734,0.0,177,103,0.0,0.0,1.0,0.0,80.0
2016-10-11,1651,791,0.0,207,81,0.0,2.0,0.0,0.0,80.0
2016-10-12,1167,729,2.0,145,98,0.0,0.0,0.0,0.0,80.0
2016-10-13,1617,759,0.0,150,101,0.0,2.0,0.0,0.0,80.0
2016-10-14,1602,731,0.0,194,70,0.0,1.0,0.0,0.0,80.0
2016-10-15,1154,621,1.0,154,59,0.0,1.0,0.0,0.0,80.0
2016-10-16,1064,701,5.0,106,59,0.0,0.0,1.0,0.0,80.0
2016-10-17,1547,736,0.0,148,74,0.0,2.0,0.0,0.0,80.0
2016-10-18,1611,753,0.0,163,103,0.0,3.0,0.0,1.0,80.0
2016-10-19,1585,764,1.0,170,83,0.0,2.0,0.0,0.0,80.0
2016-10-20,1519,698,1.0,167,76,0.0,0.0,2.0,0.0,80.0
2016-10-21,1526,707,0.0,134,66,0.0,2.0,1.0,0.0,80.0
2016-10-22,1123,573,3.0,97,43,0.0,4.0,2.0,0.0,80.0
2016-10-23,1032,657,4.0,102,56,0.0,1.0,0.0,0.0,80.0
2016-10-24,1369,737,3.0,150,65,0.0,1.0,1.0,0.0,80.0
2016-10-25,1489,706,1.0,139,65,0.0,1.0,1.0,0.0,80.0
2016-10-26,1542,663,0.0,254,131,0.0,2.0,2.0,0.0,80.0
2016-10-27,1557,708,0.0,140,75,0.0,1.0,1.0,0.0,80.0
2016-10-28,1444,674,1.0,160,85,0.0,0.0,1.0,0.0,80.0
2016-10-29,1140,536,3.0,102,59,0.0,0.0,2.0,0.0,80.0
2016-10-30,948,649,2.0,83,44,0.0,3.0,0.0,0.0,80.0
2016-10-31,1542,612,2.0,153,71,0.0,1.0,0.0,0.0,80.0
2016-11-01,1531,652,3.0,163,70,0.0,1.0,0.0,0.0,80.0
2016-11-02,1096,737,0.0,81,75,0.0,0.0,0.0,0.0,80.0
2016-11-03,1535,633,4.0,158,66,0.0,1.0,0.0,0.0,80.0
2016-11-04,1533,581,1.0,167,63,0.0,1.0,0.0,0.0,80.0
2016-11-05,972,434,0.0,80,30,0.0,0.0,1.0,0.0,80.0
2016-11-06,940,589,1.0,99,44,0.0,0.0,0.0,0.0,80.0
2016-11-07,1431,615,3.0,104,47,1.0,2.0,0.0,0.0,80.0
2016-11-08,1397,602,6.0,126,57,0.0,1.0,0.0,0.0,80.0
2016-11-09,1363,619,0.0,133,70,0.0,2.0,0.0,0.0,80.0
2016-11-10,1506,615,3.0,161,65,0.0,4.0,1.0,0.0,80.0
2016-11-11,1427,599,0.0,133,48,0.0,2.0,0.0,0.0,80.0
2016-11-12,1104,531,1.0,107,55,1.0,3.0,0.0,0.0,80.0
2016-11-13,981,565,3.0,106,64,0.0,1.0,1.0,0.0,80.0
2016-11-14,1624,777,1.0,167,97,0.0,2.0,0.0,0.0,80.0
2016-11-15,1079,656,4.0,102,95,0.0,0.0,0.0,0.0,80.0
2016-11-16,1642,673,2.0,178,72,2.0,0.0,0.0,0.0,80.0
2016-11-17,1636,705,2.0,171,94,0.0,2.0,1.0,0.0,80.0
2016-11-18,1561,603,3.0,186,64,0.0,0.0,0.0,0.0,80.0
2016-11-19,1130,480,0.0,130,54,0.0,1.0,0.0,0.0,80.0
2016-11-20,962,549,4.0,103,50,1.0,3.0,1.0,0.0,80.0
2016-11-21,1276,577,0.0,143,79,0.0,0.0,0.0,0.0,80.0
2016-11-22,1571,707,1.0,180,69,0.0,2.0,0.0,0.0,80.0
2016-11-23,1434,615,2.0,141,60,1.0,2.0,1.0,0.0,80.0
2016-11-24,1436,655,2.0,136,72,0.0,0.0,2.0,0.0,80.0
2016-11-25,1388,550,3.0,167,84,1.0,1.0,0.0,0.0,80.0
2016-11-26,966,498,2.0,115,44,0.0,0.0,0.0,0.0,80.0
2016-11-27,935,591,1.0,127,80,0.0,0.0,0.0,0.0,80.0
2016-11-28,1340,592,0.0,174,85,0.0,1.0,0.0,0.0,80.0
2016-11-29,1298,579,3.0,128,66,0.0,0.0,0.0,0.0,80.0
2016-11-30,1300,643,2.0,137,77,0.0,1.0,0.0,0.0,80.0
2016-12-01,1258,573,1.0,151,79,0.0,2.0,0.0,0.0,80.0
2016-12-02,1248,460,1.0,156,61,0.0,3.0,0.0,0.0,80.0
2016-12-03,855,377,1.0,118,42,0.0,2.0,1.0,0.0,80.0
2016-12-04,826,492,2.0,117,60,0.0,1.0,2.0,0.0,80.0
2016-12-05,1285,590,1.0,118,68,0.0,1.0,2.0,0.0,80.0
2016-12-06,1283,515,0.0,154,67,0.0,9.0,1.0,0.0,80.0
2016-12-07,1343,545,0.0,126,72,0.0,5.0,0.0,0.0,80.0
2016-12-08,1197,490,0.0,122,61,0.0,0.0,1.0,0.0,80.0
2016-12-09,1158,471,0.0,149,48,0.0,3.0,0.0,0.0,80.0
2016-12-10,806,370,0.0,80,46,0.0,0.0,0.0,0.0,80.0
2016-12-11,778,504,1.0,89,61,0.0,3.0,0.0,0.0,80.0
2016-12-12,1143,529,1.0,121,64,0.0,3.0,0.0,0.0,80.0
2016-12-13,1097,540,1.0,94,59,0.0,1.0,0.0,0.0,80.0
2016-12-14,1131,505,1.0,146,79,0.0,0.0,0.0,0.0,80.0
2017-01-01,423,226,3.0,57,43,0.0,1.0,0.0,0.0,80.0
2017-01-02,878,529,1.0,128,78,0.0,0.0,0.0,0.0,80.0
2017-01-03,1038,513,0.0,153,95,0.0,3.0,0.0,0.0,80.0
2017-01-04,1079,517,3.0,163,88,0.0,1.0,1.0,0.0,80.0
2017-01-05,1104,574,1.0,180,100,1.0,2.0,0.0,0.0,80.0
2017-01-06,996,503,2.0,122,61,0.0,2.0,3.0,0.0,80.0
2017-01-07,767,449,0.0,104,75,0.0,2.0,1.0,0.0,80.0
2017-01-08,611,326,2.0,128,69,0.0,0.0,1.0,0.0,80.0
2017-01-09,1117,580,3.0,166,107,0.0,3.0,1.0,0.0,80.0
2017-01-10,1178,626,2.0,207,103,0.0,3.0,0.0,0.0,80.0
2017-01-11,928,523,3.0,114,52,0.0,0.0,0.0,0.0,80.0
2017-01-12,1141,627,10.0,161,87,1.0,1.0,0.0,0.0,80.0
2017-01-13,1123,560,10.0,158,75,0.0,3.0,1.0,0.0,80.0
2017-01-14,846,457,2.0,127,78,0.0,1.0,0.0,0.0,80.0
2017-01-15,836,544,2.0,147,96,1.0,0.0,1.0,0.0,80.0
2017-01-16,1193,614,2.0,170,92,0.0,3.0,1.0,0.0,80.0
2017-01-17,1156,653,1.0,254,110,0.0,0.0,0.0,0.0,80.0
2017-01-18,1135,558,0.0,217,89,0.0,1.0,2.0,0.0,80.0
2017-01-19,1103,552,2.0,192,95,0.0,1.0,1.0,0.0,80.0
2017-01-20,1046,508,4.0,181,117,0.0,0.0,1.0,0.0,80.0
2017-01-21,824,444,0.0,128,67,0.0,0.0,0.0,0.0,80.0
2017-01-22,692,484,1.0,140,84,0.0,1.0,1.0,0.0,80.0
2017-01-23,1003,564,0.0,171,112,0.0,0.0,2.0,0.0,80.0
2017-01-24,1161,614,2.0,206,99,0.0,0.0,0.0,0.0,80.0
2017-01-25,1144,551,2.0,232,104,0.0,4.0,0.0,0.0,80.0
2017-01-26,1113,581,1.0,180,84,0.0,3.0,0.0,0.0,80.0
2017-01-27,1086,501,3.0,150,93,0.0,2.0,1.0,0.0,80.0
2017-01-28,700,350,0.0,140,60,0.0,1.0,0.0,0.0,80.0
2017-01-29,784,474,2.0,153,83,0.0,0.0,2.0,0.0,80.0
2017-01-30,1120,495,2.0,187,102,0.0,0.0,0.0,0.0,80.0
2017-01-31,982,406,0.0,152,105,0.0,1.0,0.0,1.0,80.0
2017-02-01,884,396,1.0,127,67,0.0,4.0,1.0,1.0,80.0
2017-02-02,1066,442,2.0,186,97,1.0,2.0,0.0,0.0,80.0
2017-02-03,1026,427,0.0,195,105,0.0,2.0,1.0,0.0,80.0
2017-02-04,741,381,4.0,118,61,0.0,2.0,0.0,0.0,80.0
2017-02-05,725,436,4.0,126,72,0.0,2.0,0.0,0.0,80.0
2017-02-06,1035,429,6.0,164,76,0.0,6.0,3.0,1.0,80.0
2017-02-07,1008,508,0.0,163,143,0.0,1.0,1.0,0.0,80.0
2017-02-08,1038,529,0.0,218,99,0.0,4.0,1.0,0.0,80.0
2017-02-09,1151,542,4.0,137,75,0.0,4.0,1.0,0.0,80.0
2017-02-10,1019,421,4.0,125,59,0.0,0.0,1.0,0.0,80.0
2017-02-11,546,281,1.0,92,38,0.0,1.0,0.0,0.0,80.0
2017-02-12,741,462,0.0,104,56,0.0,2.0,1.0,0.0,80.0
2017-02-13,861,347,0.0,129,50,0.0,2.0,1.0,0.0,80.0
2017-02-14,956,435,0.0,164,83,0.0,2.0,1.0,0.0,80.0
2017-02-15,1103,489,1.0,136,87,0.0,5.0,2.0,0.0,80.0
2017-02-16,1103,514,0.0,164,64,0.0,4.0,2.0,0.0,80.0
2017-02-17,783,323,0.0,151,62,0.0,3.0,2.0,0.0,80.0
2017-02-18,726,339,0.0,106,39,0.0,3.0,1.0,0.0,80.0
2017-02-19,517,308,0.0,82,56,0.0,3.0,1.0,0.0,80.0
2017-02-20,872,405,1.0,153,76,0.0,3.0,3.0,0.0,80.0
2017-02-21,934,422,0.0,191,96,0.0,4.0,1.0,0.0,80.0
2017-02-22,1003,448,1.0,159,96,0.0,1.0,1.0,0.0,80.0
2017-02-23,1040,439,0.0,176,93,0.0,2.0,0.0,0.0,80.0
2017-02-24,970,387,0.0,146,72,0.0,1.0,2.0,0.0,80.0
2017-02-25,558,300,0.0,87,42,0.0,2.0,0.0,0.0,80.0
2017-02-26,520,307,3.0,80,44,0.0,6.0,1.0,0.0,80.0
2017-02-27,412,246,0.0,56,54,0.0,0.0,3.0,0.0,80.0
2017-02-28,521,298,0.0,86,49,0.0,2.0,3.0,0.0,80.0
2017-03-01,562,338,0.0,106,60,0.0,2.0,2.0,0.0,80.0
2017-03-02,842,360,0.0,130,48,0.0,6.0,1.0,0.0,80.0
2017-03-03,799,293,2.0,120,47,0.0,3.0,1.0,0.0,80.0
2017-03-04,653,361,1.0,131,67,0.0,1.0,0.0,0.0,80.0
2017-03-05,688,392,8.0,82,41,0.0,0.0,0.0,0.0,80.0
2017-03-06,1091,459,0.0,100,53,0.0,1.0,1.0,0.0,80.0
2017-03-07,992,405,4.0,108,60,0.0,5.0,2.0,0.0,80.0
2017-03-08,914,379,7.0,150,68,0.0,5.0,1.0,0.0,80.0
2017-03-09,650,273,0.0,148,50,0.0,1.0,0.0,0.0,80.0
2017-03-10,793,339,0.0,86,56,0.0,4.0,2.0,0.0,80.0
2017-03-11,636,337,0.0,103,65,0.0,1.0,0.0,0.0,80.0
2017-03-12,626,358,0.0,109,50,0.0,1.0,2.0,0.0,80.0
2017-03-13,828,345,2.0,135,51,0.0,14.0,5.0,0.0,80.0
2017-03-14,936,377,3.0,142,83,0.0,7.0,4.0,0.0,80.0
2017-03-15,1031,434,0.0,206,105,0.0,9.0,1.0,0.0,80.0
2017-03-16,997,438,0.0,152,79,0.0,2.0,1.0,0.0,80.0
2017-03-17,977,442,0.0,163,76,0.0,3.0,1.0,0.0,80.0
2017-03-18,707,377,0.0,121,65,0.0,10.0,3.0,0.0,80.0
2017-03-19,650,434,1.0,112,67,1.0,5.0,5.0,1.0,80.0
2017-03-20,982,345,6.0,163,54,0.0,5.0,2.0,0.0,80.0
2017-03-21,1040,404,0.0,162,72,0.0,7.0,4.0,0.0,80.0
2017-03-22,918,320,0.0,111,41,0.0,4.0,2.0,0.0,80.0
2017-03-23,842,292,1.0,130,60,0.0,5.0,3.0,0.0,80.0
2017-03-24,618,224,0.0,139,49,0.0,4.0,0.0,0.0,80.0
2017-03-25,729,363,0.0,83,61,0.0,4.0,2.0,0.0,80.0
2017-03-26,508,305,0.0,76,27,0.0,3.0,1.0,0.0,80.0
2017-03-27,914,400,2.0,136,76,0.0,9.0,2.0,0.0,80.0
2017-03-28,997,422,3.0,140,62,0.0,3.0,0.0,0.0,80.0
2017-03-29,1073,463,1.0,117,79,0.0,5.0,1.0,0.0,80.0
2017-03-30,640,240,0.0,68,41,0.0,3.0,0.0,0.0,80.0
2017-03-31,937,376,2.0,149,73,0.0,13.0,8.0,0.0,80.0
2017-04-01,336,116,1.0,95,41,0.0,0.0,2.0,0.0,80.0
2017-04-02,642,410,1.0,141,90,0.0,0.0,1.0,0.0,80.0
2017-04-03,1035,441,2.0,175,83,0.0,4.0,1.0,0.0,80.0
2017-04-04,1149,377,0.0,146,70,0.0,4.0,3.0,0.0,80.0
2017-04-05,963,375,1.0,176,75,0.0,1.0,1.0,0.0,80.0
2017-04-06,1052,431,1.0,165,87,0.0,3.0,0.0,0.0,80.0
2017-04-07,1004,383,0.0,147,44,0.0,0.0,2.0,0.0,80.0
2017-04-08,781,390,1.0,149,68,0.0,0.0,3.0,0.0,80.0
2017-04-09,697,428,1.0,106,54,0.0,3.0,1.0,0.0,80.0
2017-04-10,1136,459,0.0,161,50,0.0,9.0,1.0,0.0,80.0
2017-04-11,808,300,5.0,132,55,0.0,1.0,0.0,0.0,80.0
2017-04-12,1176,465,1.0,239,84,0.0,4.0,1.0,0.0,80.0
2017-04-13,694,286,1.0,136,67,0.0,5.0,3.0,0.0,80.0
2017-04-14,521,295,1.0,74,43,0.0,5.0,5.0,0.0,80.0
2017-04-15,630,346,0.0,63,54,0.0,3.0,3.0,0.0,80.0
2017-04-16,523,361,1.0,78,37,0.0,4.0,0.0,0.0,80.0
2017-04-17,1023,416,0.0,170,76,0.0,4.0,1.0,0.0,80.0
2017-04-18,1078,453,0.0,156,79,0.0,2.0,0.0,0.0,80.0
2017-04-19,1294,543,0.0,210,69,0.0,5.0,0.0,0.0,80.0
2017-04-20,1003,361,0.0,141,53,0.0,3.0,0.0,0.0,80.0
2017-04-21,724,402,0.0,132,74,0.0,1.0,0.0,0.0,80.0
2017-04-22,689,350,0.0,148,79,0.0,2.0,1.0,0.0,80.0
2017-04-23,607,440,1.0,107,92,0.0,5.0,2.0,0.0,80.0
2017-04-24,791,361,0.0,129,71,0.0,10.0,3.0,0.0,80.0
2017-04-25,998,459,0.0,153,83,0.0,2.0,1.0,0.0,80.0
2017-04-26,1071,486,1.0,115,54,0.0,7.0,2.0,0.0,80.0
2017-04-27,999,454,1.0,131,83,0.0,2.0,3.0,0.0,80.0
2017-04-28,967,450,3.0,175,80,0.0,3.0,1.0,0.0,80.0
2017-04-29,696,329,0.0,74,42,0.0,2.0,3.0,0.0,80.0
2017-04-30,531,391,1.0,80,42,1.0,3.0,1.0,0.0,80.0
2017-05-01,729,375,2.0,99,61,0.0,3.0,3.0,0.0,80.0
2017-05-02,427,155,0.0,37,10,0.0,1.0,1.0,0.0,80.0
2017-05-03,805,422,0.0,134,72,0.0,5.0,2.0,0.0,80.0
2017-05-04,975,409,0.0,164,85,1.0,7.0,2.0,0.0,80.0
2017-05-05,929,467,3.0,123,73,0.0,3.0,4.0,0.0,80.0
2017-05-06,748,393,4.0,86,45,0.0,1.0,1.0,0.0,80.0
2017-05-07,724,358,1.0,103,63,0.0,4.0,0.0,0.0,80.0
2017-05-08,745,336,1.0,98,46,0.0,1.0,2.0,0.0,80.0
2017-05-09,1079,479,1.0,141,73,0.0,5.0,2.0,0.0,80.0
2017-05-10,1060,511,2.0,132,77,0.0,2.0,0.0,0.0,80.0
2017-05-11,1085,478,2.0,150,97,1.0,3.0,2.0,0.0,80.0
2017-05-12,995,423,2.0,149,62,0.0,5.0,1.0,0.0,80.0
2017-05-13,788,367,0.0,111,74,1.0,3.0,0.0,0.0,80.0
2017-05-14,572,298,1.0,97,32,0.0,3.0,1.0,0.0,80.0
2017-05-15,1068,472,0.0,142,77,0.0,7.0,3.0,0.0,80.0
2017-05-16,1163,535,1.0,269,102,0.0,3.0,3.0,0.0,80.0
2017-05-17,988,498,1.0,173,67,0.0,2.0,0.0,1.0,80.0
2017-05-18,1009,510,5.0,215,161,0.0,1.0,0.0,0.0,80.0
2017-05-19,1028,409,2.0,156,67,0.0,1.0,1.0,0.0,80.0
2017-05-20,835,436,1.0,143,73,0.0,1.0,2.0,0.0,80.0
2017-05-21,716,424,3.0,78,53,0.0,1.0,0.0,0.0,80.0
2017-05-22,978,492,0.0,79,44,0.0,1.0,0.0,0.0,80.0
2017-05-23,1048,525,1.0,97,46,0.0,3.0,1.0,0.0,80.0
2017-05-24,1104,508,1.0,147,72,0.0,5.0,2.0,1.0,80.0
2017-05-25,1056,477,0.0,127,96,0.0,9.0,5.0,1.0,80.0
2017-05-26,1061,446,1.0,170,72,1.0,3.0,1.0,0.0,80.0
2017-05-27,707,337,0.0,87,41,0.0,3.0,0.0,0.0,80.0
2017-05-28,523,333,0.0,71,41,0.0,4.0,3.0,0.0,80.0
2017-05-29,553,246,0.0,73,32,0.0,0.0,0.0,0.0,80.0
2017-05-30,985,450,1.0,131,66,0.0,4.0,2.0,0.0,80.0
2017-05-31,960,417,0.0,144,74,0.0,3.0,1.0,0.0,80.0
2017-06-01,1025,459,1.0,177,95,0.0,1.0,0.0,0.0,80.0
2017-06-02,1030,487,0.0,195,73,0.0,1.0,0.0,0.0,80.0
2017-06-03,755,331,0.0,124,55,0.0,3.0,0.0,0.0,80.0
2017-06-04,598,377,0.0,110,50,0.0,1.0,2.0,0.0,80.0
2017-06-05,1018,496,2.0,164,83,1.0,0.0,0.0,0.0,80.0
2017-06-06,1096,529,0.0,142,91,0.0,7.0,0.0,0.0,80.0
2017-06-07,1122,492,1.0,193,77,0.0,6.0,0.0,0.0,80.0
2017-06-08,1067,478,0.0,165,75,0.0,3.0,3.0,0.0,80.0
2017-06-09,1033,397,0.0,205,81,0.0,1.0,2.0,0.0,80.0
2017-06-10,683,320,0.0,116,57,0.0,2.0,3.0,0.0,80.0
2017-06-11,596,376,0.0,94,67,0.0,2.0,3.0,0.0,80.0
2017-06-12,855,365,0.0,157,68,0.0,4.0,2.0,0.0,80.0
2017-06-13,986,459,0.0,188,70,0.0,6.0,0.0,0.0,80.0
2017-06-14,962,429,1.0,162,83,0.0,5.0,0.0,0.0,80.0
2017-06-15,718,417,0.0,159,62,0.0,1.0,1.0,0.0,80.0
2017-06-16,863,438,3.0,138,52,1.0,5.0,1.0,0.0,80.0
2017-06-17,705,436,2.0,81,75,0.0,2.0,2.0,0.0,80.0
2017-06-18,624,389,0.0,85,62,0.0,4.0,2.0,0.0,80.0
2017-06-19,897,461,1.0,148,72,3.0,5.0,0.0,0.0,80.0
2017-06-20,926,444,1.0,149,83,0.0,2.0,2.0,0.0,80.0
2017-06-21,940,464,0.0,118,90,0.0,1.0,2.0,0.0,80.0
2017-06-22,967,451,0.0,128,54,0.0,2.0,1.0,0.0,80.0
2017-06-23,880,412,0.0,122,53,2.0,2.0,2.0,0.0,80.0
2017-06-24,734,347,3.0,80,47,1.0,2.0,0.0,0.0,80.0
2017-06-25,594,324,0.0,97,43,0.0,3.0,2.0,0.0,80.0
2017-06-26,923,431,0.0,154,73,0.0,3.0,1.0,0.0,80.0
2017-06-27,1012,501,0.0,204,69,0.0,2.0,0.0,0.0,80.0
2017-06-28,902,392,1.0,216,90,2.0,5.0,1.0,0.0,80.0
2017-06-29,953,447,0.0,180,81,0.0,5.0,1.0,0.0,80.0
2017-06-30,869,428,4.0,245,103,2.0,3.0,0.0,0.0,80.0
2017-07-01,691,416,1.0,136,69,0.0,1.0,0.0,0.0,80.0
2017-07-02,668,477,0.0,100,63,0.0,5.0,2.0,0.0,80.0
2017-07-03,803,386,0.0,134,72,0.0,5.0,3.0,0.0,80.0
2017-07-04,906,445,2.0,176,111,0.0,3.0,4.0,0.0,80.0
2017-07-05,958,470,0.0,178,92,0.0,6.0,1.0,0.0,80.0
2017-07-06,1004,483,0.0,178,98,0.0,2.0,0.0,0.0,80.0
2017-07-07,885,467,0.0,141,77,0.0,5.0,1.0,0.0,80.0
2017-07-08,639,377,0.0,108,50,0.0,1.0,2.0,0.0,80.0
2017-07-09,726,474,1.0,113,88,0.0,1.0,1.0,0.0,80.0
2017-07-10,807,422,1.0,138,93,0.0,2.0,2.0,0.0,80.0
2017-07-11,861,435,0.0,163,70,0.0,5.0,2.0,0.0,80.0
2017-07-12,980,499,0.0,138,91,0.0,5.0,1.0,0.0,80.0
2017-07-13,914,493,2.0,128,74,0.0,5.0,0.0,0.0,80.0
2017-07-14,931,470,0.0,198,91,0.0,3.0,1.0,0.0,80.0
2017-07-15,747,418,0.0,119,42,0.0,2.0,2.0,0.0,80.0
2017-07-16,706,473,1.0,65,56,0.0,0.0,1.0,0.0,80.0
2017-07-17,922,487,2.0,126,80,0.0,4.0,2.0,1.0,80.0
2017-07-18,1005,535,1.0,146,94,0.0,2.0,2.0,0.0,80.0
2017-07-19,938,492,2.0,103,67,3.0,9.0,6.0,0.0,80.0
2017-07-20,745,363,0.0,115,56,0.0,2.0,3.0,0.0,80.0
2017-07-21,723,352,3.0,94,46,0.0,6.0,2.0,0.0,80.0
2017-07-22,711,351,4.0,102,43,0.0,3.0,0.0,0.0,80.0
2017-07-23,729,469,0.0,59,61,0.0,1.0,5.0,0.0,80.0
2017-07-24,913,531,3.0,130,60,0.0,4.0,2.0,0.0,80.0
2017-07-25,856,442,5.0,114,73,0.0,3.0,0.0,0.0,80.0
2017-07-26,914,417,2.0,203,115,0.0,2.0,0.0,0.0,80.0
2017-07-27,732,353,0.0,97,53,0.0,0.0,1.0,0.0,80.0
2017-07-28,750,378,2.0,84,37,1.0,1.0,1.0,0.0,80.0
2017-07-29,725,441,1.0,83,36,0.0,5.0,0.0,0.0,80.0
2017-07-30,671,432,3.0,64,37,0.0,3.0,1.0,0.0,80.0
2017-07-31,876,445,3.0,85,26,0.0,3.0,0.0,0.0,80.0
2017-08-01,879,455,6.0,78,42,0.0,4.0,2.0,0.0,80.0
2017-08-02,944,497,6.0,97,70,0.0,3.0,2.0,0.0,80.0
2017-08-03,968,447,10.0,126,74,0.0,4.0,1.0,0.0,80.0
2017-08-04,981,436,8.0,177,85,0.0,7.0,2.0,0.0,80.0
2017-08-05,734,407,2.0,128,58,1.0,6.0,0.0,0.0,80.0
2017-08-06,771,491,3.0,204,92,0.0,4.0,3.0,0.0,80.0
2017-08-07,940,449,6.0,152,92,1.0,7.0,0.0,0.0,80.0
2017-08-08,891,452,7.0,114,72,0.0,4.0,2.0,0.0,80.0
2017-08-09,885,431,6.0,85,53,0.0,5.0,1.0,0.0,80.0
2017-08-10,869,395,5.0,129,47,2.0,2.0,2.0,0.0,80.0
2017-08-11,891,359,1.0,155,29,0.0,2.0,2.0,0.0,80.0
2017-08-12,697,327,0.0,116,50,0.0,1.0,0.0,0.0,80.0
2017-08-13,597,377,0.0,67,47,0.0,1.0,0.0,0.0,80.0
2017-08-14,780,344,1.0,80,28,0.0,3.0,1.0,0.0,80.0
2017-08-15,821,506,1.0,170,81,0.0,3.0,2.0,0.0,80.0
2017-08-16,1017,457,4.0,135,67,0.0,6.0,4.0,0.0,80.0
2017-08-17,936,431,4.0,141,70,0.0,3.0,1.0,0.0,80.0
2017-08-18,985,390,1.0,137,77,1.0,4.0,1.0,0.0,80.0
2017-08-19,741,379,2.0,133,80,1.0,1.0,2.0,0.0,80.0
2017-08-20,663,448,0.0,174,93,0.0,1.0,0.0,0.0,80.0
2017-08-21,773,394,3.0,107,69,0.0,5.0,2.0,0.0,80.0
2017-08-22,1012,397,6.0,153,54,1.0,2.0,0.0,0.0,80.0
2017-08-23,949,444,5.0,159,75,0.0,1.0,1.0,0.0,80.0
2017-08-24,983,423,5.0,129,53,0.0,0.0,0.0,0.0,80.0
2017-08-25,911,361,0.0,144,46,0.0,2.0,1.0,0.0,80.0
2017-08-26,651,298,0.0,56,31,1.0,2.0,0.0,0.0,80.0
2017-08-27,689,441,2.0,77,54,0.0,0.0,0.0,0.0,80.0
2017-08-28,941,426,3.0,141,44,0.0,2.0,2.0,0.0,80.0
2017-08-29,954,426,6.0,144,86,1.0,7.0,1.0,0.0,80.0
2017-08-30,900,324,4.0,177,68,0.0,8.0,1.0,0.0,80.0
2017-08-31,843,325,1.0,118,52,0.0,2.0,1.0,0.0,80.0
2017-09-01,888,349,4.0,85,29,0.0,3.0,0.0,0.0,80.0
2017-09-02,636,323,1.0,47,27,0.0,0.0,1.0,0.0,80.0
2017-09-03,693,419,0.0,74,25,0.0,3.0,0.0,0.0,80.0
2017-09-04,799,378,0.0,104,44,0.0,4.0,0.0,0.0,80.0
2017-09-05,918,417,3.0,135,49,0.0,6.0,1.0,0.0,80.0
2017-09-06,894,371,2.0,105,43,0.0,2.0,1.0,0.0,80.0
2017-09-07,624,417,0.0,66,62,0.0,3.0,1.0,0.0,80.0
2017-09-08,786,351,0.0,85,38,0.0,5.0,0.0,0.0,80.0
2017-09-09,671,375,1.0,101,43,0.0,2.0,0.0,0.0,80.0
2017-09-10,595,396,0.0,56,44,0.0,0.0,1.0,0.0,80.0
2017-09-11,889,417,3.0,67,46,0.0,4.0,1.0,0.0,80.0
2017-09-12,881,384,4.0,103,44,0.0,2.0,2.0,0.0,80.0
2017-09-13,913,383,3.0,66,40,0.0,2.0,2.0,0.0,80.0
2017-09-14,902,403,5.0,73,45,1.0,2.0,0.0,0.0,80.0
2017-09-15,912,351,0.0,57,49,0.0,6.0,1.0,0.0,80.0
2017-09-16,619,291,2.0,58,36,0.0,1.0,2.0,0.0,80.0
2017-09-17,667,444,5.0,82,53,2.0,3.0,3.0,0.0,80.0
2017-09-18,841,333,1.0,132,56,0.0,1.0,0.0,0.0,80.0
2017-09-19,898,384,3.0,121,85,1.0,3.0,2.0,0.0,80.0
2017-09-20,895,373,3.0,103,46,0.0,1.0,1.0,0.0,80.0
2017-09-21,892,351,4.0,123,32,0.0,5.0,5.0,0.0,80.0
2017-09-22,824,366,1.0,110,43,0.0,8.0,2.0,0.0,80.0
2017-09-23,628,282,3.0,80,38,0.0,2.0,0.0,0.0,80.0
2017-09-24,552,334,2.0,85,38,0.0,1.0,3.0,0.0,80.0
2017-09-25,802,386,5.0,103,25,4.0,0.0,0.0,0.0,80.0
2017-09-26,842,362,3.0,109,44,0.0,2.0,0.0,0.0,80.0
2017-09-27,882,371,1.0,121,56,0.0,1.0,0.0,0.0,80.0
2017-09-28,881,386,2.0,179,63,0.0,1.0,0.0,0.0,80.0
2017-09-29,779,384,2.0,140,61,3.0,5.0,1.0,0.0,80.0
2017-09-30,660,311,7.0,76,37,0.0,5.0,3.0,0.0,80.0
2017-10-01,518,329,1.0,82,41,0.0,0.0,1.0,0.0,80.0
2017-10-02,619,289,4.0,89,39,1.0,1.0,1.0,0.0,80.0
2017-10-03,802,374,5.0,143,54,0.0,3.0,0.0,0.0,80.0
2017-10-04,847,327,5.0,121,61,1.0,4.0,2.0,0.0,80.0
2017-10-05,789,388,5.0,107,48,0.0,4.0,0.0,0.0,80.0
2017-10-06,780,343,1.0,96,53,0.0,3.0,0.0,0.0,80.0
2017-10-07,635,340,1.0,61,32,0.0,0.0,0.0,0.0,80.0
2017-10-08,541,356,5.0,49,36,0.0,3.0,1.0,0.0,80.0
2017-10-09,779,326,1.0,115,59,0.0,4.0,2.0,0.0,80.0
2017-10-10,758,310,1.0,69,25,0.0,4.0,2.0,0.0,80.0
2017-10-11,696,285,1.0,69,25,0.0,2.0,2.0,0.0,80.0
2017-10-12,527,277,2.0,109,54,0.0,1.0,3.0,0.0,80.0
2017-10-13,651,302,1.0,63,23,1.0,1.0,0.0,0.0,80.0
2017-10-14,496,265,1.0,50,16,0.0,1.0,0.0,0.0,80.0
2017-10-15,531,402,2.0,48,27,0.0,1.0,0.0,0.0,80.0
2017-10-16,696,284,2.0,73,39,0.0,3.0,0.0,0.0,80.0
2017-10-17,750,320,2.0,76,44,0.0,3.0,0.0,0.0,80.0
2017-10-18,708,318,1.0,95,63,0.0,4.0,1.0,0.0,80.0
2017-10-19,793,350,0.0,126,77,0.0,1.0,1.0,0.0,80.0
2017-10-20,549,264,0.0,65,47,0.0,2.0,1.0,0.0,80.0
2017-10-21,520,262,1.0,96,44,0.0,1.0,1.0,0.0,80.0
2017-10-22,503,332,0.0,118,90,0.0,5.0,0.0,0.0,80.0
2017-10-23,700,267,0.0,58,33,0.0,2.0,0.0,0.0,80.0
2017-10-24,761,286,0.0,84,29,0.0,3.0,3.0,0.0,80.0
2017-10-25,703,281,2.0,53,26,0.0,2.0,0.0,0.0,80.0
2017-10-26,740,320,0.0,66,42,0.0,1.0,1.0,0.0,80.0
2017-10-27,710,299,0.0,65,35,0.0,2.0,1.0,0.0,80.0
2017-10-28,508,256,0.0,53,30,0.0,4.0,0.0,0.0,80.0
2017-10-29,478,282,1.0,69,42,0.0,4.0,4.0,0.0,80.0
2017-10-30,675,272,0.0,76,49,0.0,0.0,1.0,0.0,80.0
2017-10-31,668,305,1.0,65,23,0.0,3.0,1.0,0.0,80.0
2017-11-01,667,283,1.0,60,37,0.0,2.0,0.0,0.0,80.0
2017-11-02,620,298,3.0,80,36,0.0,1.0,1.0,0.0,80.0
2017-11-03,604,258,1.0,89,43,0.0,2.0,1.0,0.0,80.0
2017-11-04,471,246,1.0,42,17,0.0,1.0,0.0,0.0,80.0
2017-11-05,419,279,0.0,42,19,0.0,2.0,1.0,0.0,80.0
2017-11-06,571,249,0.0,58,25,0.0,2.0,2.0,0.0,80.0
2017-11-07,637,289,0.0,54,29,0.0,5.0,0.0,0.0,80.0
2017-11-08,679,282,2.0,50,28,0.0,1.0,0.0,0.0,80.0
2017-11-09,654,292,0.0,87,42,0.0,1.0,0.0,0.0,80.0
2017-11-10,561,276,2.0,60,53,1.0,2.0,0.0,0.0,80.0
2017-11-11,436,233,1.0,50,38,0.0,0.0,0.0,0.0,80.0
2017-11-12,378,302,2.0,46,48,0.0,1.0,1.0,0.0,80.0
2017-11-13,479,225,0.0,42,24,0.0,0.0,1.0,0.0,80.0
2017-11-14,604,277,1.0,37,25,0.0,1.0,1.0,0.0,80.0
2017-11-15,494,324,0.0,72,46,0.0,1.0,2.0,0.0,80.0
2017-11-16,565,227,0.0,77,31,1.0,2.0,1.0,0.0,80.0
2017-11-17,561,263,0.0,92,36,0.0,2.0,0.0,0.0,80.0
2017-11-18,483,211,0.0,73,39,0.0,0.0,0.0,0.0,80.0
2017-11-19,402,231,2.0,122,60,0.0,1.0,0.0,0.0,80.0
2017-11-20,530,242,1.0,80,34,0.0,3.0,0.0,0.0,80.0
2017-11-21,626,261,1.0,69,18,0.0,4.0,0.0,0.0,80.0
2017-11-22,637,264,0.0,43,24,0.0,3.0,0.0,0.0,80.0
2017-11-23,621,266,1.0,66,31,1.0,1.0,0.0,0.0,80.0
2017-11-24,572,251,0.0,44,23,0.0,1.0,0.0,0.0,80.0
2017-11-25,463,215,1.0,73,33,0.0,1.0,0.0,0.0,80.0
2017-11-26,423,263,0.0,51,25,0.0,1.0,0.0,0.0,80.0
2017-11-27,485,211,0.0,79,20,0.0,1.0,0.0,0.0,80.0
2017-11-28,514,240,1.0,63,29,0.0,8.0,0.0,0.0,80.0
2017-11-29,487,215,0.0,66,24,0.0,1.0,1.0,0.0,80.0
2017-11-30,491,204,0.0,60,25,0.0,6.0,2.0,0.0,80.0
2017-12-01,477,223,0.0,77,18,0.0,6.0,2.0,0.0,80.0
2017-12-02,344,170,1.0,29,18,0.0,1.0,1.0,0.0,80.0
2017-12-03,273,214,4.0,20,38,0.0,0.0,2.0,0.0,80.0
2017-12-04,425,193,0.0,37,15,0.0,2.0,1.0,0.0,80.0
2017-12-05,557,238,0.0,23,14,0.0,0.0,1.0,0.0,80.0
2017-12-06,541,241,0.0,17,22,0.0,0.0,1.0,0.0,80.0
2017-12-07,578,226,0.0,34,9,0.0,3.0,0.0,0.0,80.0
2017-12-08,479,231,0.0,34,19,0.0,2.0,1.0,0.0,80.0
2017-12-09,453,234,2.0,29,17,0.0,2.0,0.0,0.0,80.0
2017-12-10,343,202,1.0,7,6,0.0,2.0,0.0,0.0,80.0
2017-12-11,479,261,2.0,19,12,0.0,0.0,0.0,0.0,80.0
2017-12-12,521,271,0.0,16,18,0.0,0.0,0.0,0.0,80.0
2017-12-13,481,195,0.0,47,25,0.0,0.0,1.0,0.0,80.0
2017-12-14,559,239,0.0,37,15,0.0,1.0,1.0,0.0,80.0
2017-12-15,473,185,2.0,45,27,0.0,1.0,0.0,0.0,80.0
2017-12-16,351,151,0.0,29,11,0.0,1.0,0.0,0.0,80.0
2017-12-17,339,182,0.0,41,15,0.0,0.0,0.0,0.0,80.0
2017-12-18,437,184,0.0,33,19,0.0,1.0,1.0,0.0,80.0
2017-12-19,242,85,0.0,13,9,0.0,0.0,0.0,0.0,80.0
2017-12-20,240,106,0.0,15,3,0.0,2.0,1.0,0.0,80.0
2017-12-21,337,104,0.0,23,8,0.0,1.0,0.0,0.0,80.0
2017-12-22,299,102,0.0,12,11,0.0,3.0,3.0,0.0,80.0
2017-12-23,258,100,0.0,14,7,0.0,2.0,1.0,0.0,80.0
2017-12-24,210,82,0.0,16,3,0.0,0.0,0.0,0.0,80.0
2017-12-25,214,123,0.0,21,17,0.0,0.0,0.0,0.0,80.0
2017-12-26,333,181,0.0,23,11,0.0,0.0,0.0,0.0,80.0
2017-12-27,392,195,0.0,24,8,0.0,2.0,0.0,0.0,80.0
2017-12-28,450,237,1.0,29,31,0.0,5.0,3.0,0.0,80.0
2017-12-29,482,245,0.0,64,21,0.0,5.0,1.0,0.0,80.0
2017-12-30,396,225,0.0,39,20,0.0,2.0,0.0,0.0,80.0
2017-12-31,234,111,0.0,34,13,0.0,3.0,0.0,0.0,80.0
